NODE_KEY,PRODUCT_ID,TYPE_CODE,CATEGORY.CATEGORY,CREATED_BY,CREATED_AT,CHANGED_BY,CHANGED_AT,NAME_GUID.NODE_KEY,DESC_GUID,SUPPLIER_GUID.NODE_KEY,TAX_TARIF_CODE,MEASURE_UNIT,WEIGHT_MEASURE,WEIGHT_UNIT,CURRENCY_CODE,PRICE,PRODUCT_PIC_URL,WIDTH,DEPTH,HEIGHT,DIM_UNIT,DUMMY_FIELD_PD
5EF3FD3648631ED5AFBB06173896D3E6,HT-1000,PR,Notebooks,5EF3FD3648631ED5AFBB0614A48953E6,20160118113953.0000000,5EF3FD3648631ED5AFBB0614A48953E6,20160118113953.0000000,5EF3FD3648631ED5AFBB0614A4C013E6,5EF3FD3648631ED5AFBB0614A4C033E6,5EF3FD3648631ED5AFBB0614A4AED3E6,1,EA,4.200,KG,EUR,956.00,/sap/public/bc/NWDEMO_MODEL/IMAGES/HT-1000.jpg,30.000,18.000,3.000,CM,
5EF3FD3648631ED5AFBB06173896F3E6,HT-1001,PR,Notebooks,5EF3FD3648631ED5AFBB0614A48953E6,20160118113953.0000000,5EF3FD3648631ED5AFBB0614A48953E6,20160118113953.0000000,5EF3FD3648631ED5AFBB0614A4C053E6,5EF3FD3648631ED5AFBB0614A4C073E6,5EF3FD3648631ED5AFBB0614A4AEF3E6,1,EA,4.500,KG,EUR,1249.00,/sap/public/bc/NWDEMO_MODEL/IMAGES/HT-1001.jpg,29.000,17.000,3.100,CM,
5EF3FD3648631ED5AFBB0617389713E6,HT-1002,PR,Notebooks,5EF3FD3648631ED5AFBB0614A48953E6,20160118113953.0000000,5EF3FD3648631ED5AFBB0614A48953E6,20160118113953.0000000,5EF3FD3648631ED5AFBB0614A4C093E6,5EF3FD3648631ED5AFBB0614A4C0B3E6,5EF3FD3648631ED5AFBB0614A4AF13E6,1,EA,4.200,KG,USD,1570.00,/sap/public/bc/NWDEMO_MODEL/IMAGES/HT-1002.jpg,28.000,19.000,2.500,CM,
5EF3FD3648631ED5AFBB0617389733E6,HT-1003,PR,Notebooks,5EF3FD3648631ED5AFBB0614A48953E6,20160118113953.0000000,5EF3FD3648631ED5AFBB0614A48953E6,20160118113953.0000000,5EF3FD3648631ED5AFBB0614A4C0D3E6,5EF3FD3648631ED5AFBB0614A4C0F3E6,5EF3FD3648631ED5AFBB0614A4AF33E6,1,EA,4.200,KG,EUR,1650.00,/sap/public/bc/NWDEMO_MODEL/IMAGES/HT-1003.jpg,32.000,21.000,4.000,CM,
5EF3FD3648631ED5AFBB0617389753E6,HT-1007,PR,PDAs&Organizers,5EF3FD3648631ED5AFBB0614A48953E6,20160118113953.0000000,5EF3FD3648631ED5AFBB0614A48953E6,20160118113953.0000000,5EF3FD3648631ED5AFBB0614A4C113E6,5EF3FD3648631ED5AFBB0614A4C133E6,5EF3FD3648631ED5AFBB0614A4AF53E6,1,EA,0.200,KG,USD,299.00,/sap/public/bc/NWDEMO_MODEL/IMAGES/HT-1007.jpg,32.000,22.000,3.000,CM,
5EF3FD3648631ED5AFBB0617389773E6,HT-1010,PR,Notebooks,5EF3FD3648631ED5AFBB0614A48953E6,20160118113953.0000000,5EF3FD3648631ED5AFBB0614A48953E6,20160118113953.0000000,5EF3FD3648631ED5AFBB0614A4C153E6,5EF3FD3648631ED5AFBB0614A4C173E6,5EF3FD3648631ED5AFBB0614A4AF73E6,1,EA,4.300,KG,EUR,1999.00,/sap/public/bc/NWDEMO_MODEL/IMAGES/HT-1010.jpg,33.000,20.000,3.000,CM,
5EF3FD3648631ED5AFBB0617389793E6,HT-1011,PR,Notebooks,5EF3FD3648631ED5AFBB0614A48953E6,20160118113953.0000000,5EF3FD3648631ED5AFBB0614A48953E6,20160118113953.0000000,5EF3FD3648631ED5AFBB0614A4C193E6,5EF3FD3648631ED5AFBB0614A4C1B3E6,5EF3FD3648631ED5AFBB0614A4AF93E6,1,EA,4.100,KG,JPY,2299.00,/sap/public/bc/NWDEMO_MODEL/IMAGES/HT-1011.jpg,33.000,23.000,2.000,CM,
5EF3FD3648631ED5AFBB06173897B3E6,HT-1020,PR,PDAs&Organizers,5EF3FD3648631ED5AFBB0614A48953E6,20160118113953.0000000,5EF3FD3648631ED5AFBB0614A48953E6,20160118113953.0000000,5EF3FD3648631ED5AFBB0614A4C1D3E6,5EF3FD3648631ED5AFBB0614A4C1F3E6,5EF3FD3648631ED5AFBB0614A4AFB3E6,1,EA,0.160,KG,EUR,459.00,/sap/public/bc/NWDEMO_MODEL/IMAGES/HT-1020.jpg,10.000,1.800,17.000,CM,
5EF3FD3648631ED5AFBB06173897D3E6,HT-1021,PR,PDAs&Organizers,5EF3FD3648631ED5AFBB0614A48953E6,20160118113953.0000000,5EF3FD3648631ED5AFBB0614A48953E6,20160118113953.0000000,5EF3FD3648631ED5AFBB0614A4C213E6,5EF3FD3648631ED5AFBB0614A4C233E6,5EF3FD3648631ED5AFBB0614A4AFD3E6,1,EA,0.180,KG,MXN,149.00,/sap/public/bc/NWDEMO_MODEL/IMAGES/HT-1021.jpg,11.000,1.700,18.000,CM,
5EF3FD3648631ED5AFBB06173897F3E6,HT-1022,PR,PDAs&Organizers,5EF3FD3648631ED5AFBB0614A48953E6,20160118113953.0000000,5EF3FD3648631ED5AFBB0614A48953E6,20160118113953.0000000,5EF3FD3648631ED5AFBB0614A4C253E6,5EF3FD3648631ED5AFBB0614A4C273E6,5EF3FD3648631ED5AFBB0614A4AFF3E6,1,EA,0.200,KG,ARS,1679.00,/sap/public/bc/NWDEMO_MODEL/IMAGES/HT-1022.jpg,84.000,1.500,14.000,CM,
5EF3FD3648631ED5AFBB0617389813E6,HT-1023,PR,PDAs&Organizers,5EF3FD3648631ED5AFBB0614A48953E6,20160118113953.0000000,5EF3FD3648631ED5AFBB0614A48953E6,20160118113953.0000000,5EF3FD3648631ED5AFBB0614A4C293E6,5EF3FD3648631ED5AFBB0614A4C2B3E6,5EF3FD3648631ED5AFBB0614A4B013E6,1,EA,0.800,KG,USD,512.00,/sap/public/bc/NWDEMO_MODEL/IMAGES/HT-1023.jpg,80.000,1.600,13.000,CM,
5EF3FD3648631ED5AFBB0617389833E6,HT-1030,PR,FlatScreenMonitors,5EF3FD3648631ED5AFBB0614A48953E6,20160118113953.0000000,5EF3FD3648631ED5AFBB0614A48953E6,20160118113953.0000000,5EF3FD3648631ED5AFBB0614A4C2D3E6,5EF3FD3648631ED5AFBB0614A4C2F3E6,5EF3FD3648631ED5AFBB0614A4B033E6,1,EA,21.000,KG,EUR,230.00,/sap/public/bc/NWDEMO_MODEL/IMAGES/HT-1030.jpg,37.000,12.000,36.000,CM,
5EF3FD3648631ED5AFBB0617389853E6,HT-1031,PR,FlatScreenMonitors,5EF3FD3648631ED5AFBB0614A48953E6,20160118113953.0000000,5EF3FD3648631ED5AFBB0614A48953E6,20160118113953.0000000,5EF3FD3648631ED5AFBB0614A4C313E6,5EF3FD3648631ED5AFBB0614A4C333E6,5EF3FD3648631ED5AFBB0614A4B053E6,1,EA,21.000,KG,GBP,285.00,/sap/public/bc/NWDEMO_MODEL/IMAGES/HT-1031.jpg,40.800,19.000,43.000,CM,
5EF3FD3648631ED5AFBB0617389873E6,HT-1032,PR,FlatScreenMonitors,5EF3FD3648631ED5AFBB0614A48953E6,20160118113953.0000000,5EF3FD3648631ED5AFBB0614A48953E6,20160118113953.0000000,5EF3FD3648631ED5AFBB0614A4C353E6,5EF3FD3648631ED5AFBB0614A4C373E6,5EF3FD3648631ED5AFBB0614A4B073E6,1,EA,21.000,KG,EUR,345.00,/sap/public/bc/NWDEMO_MODEL/IMAGES/HT-1032.jpg,40.800,19.000,43.000,CM,
5EF3FD3648631ED5AFBB0617389893E6,HT-1035,PR,FlatScreenMonitors,5EF3FD3648631ED5AFBB0614A48953E6,20160118113953.0000000,5EF3FD3648631ED5AFBB0614A48953E6,20160118113953.0000000,5EF3FD3648631ED5AFBB0614A4C393E6,5EF3FD3648631ED5AFBB0614A4C3B3E6,5EF3FD3648631ED5AFBB0614A4B093E6,1,EA,14.000,KG,USD,399.00,/sap/public/bc/NWDEMO_MODEL/IMAGES/HT-1035.jpg,39.000,20.000,41.000,CM,
5EF3FD3648631ED5AFBB06173898B3E6,HT-1036,PR,FlatScreenMonitors,5EF3FD3648631ED5AFBB0614A48953E6,20160118113953.0000000,5EF3FD3648631ED5AFBB0614A48953E6,20160118113953.0000000,5EF3FD3648631ED5AFBB0614A4C3D3E6,5EF3FD3648631ED5AFBB0614A4C3F3E6,5EF3FD3648631ED5AFBB0614A4B0B3E6,1,EA,15.000,KG,CAD,430.00,/sap/public/bc/NWDEMO_MODEL/IMAGES/HT-1036.jpg,45.000,26.000,46.000,CM,
5EF3FD3648631ED5AFBB06173898D3E6,HT-1037,PR,FlatScreenMonitors,5EF3FD3648631ED5AFBB0614A48953E6,20160118113953.0000000,5EF3FD3648631ED5AFBB0614A48953E6,20160118113953.0000000,5EF3FD3648631ED5AFBB0614A4C413E6,5EF3FD3648631ED5AFBB0614A4C433E6,5EF3FD3648631ED5AFBB0614A4B0D3E6,1,EA,17.000,KG,MXN,1230.00,/sap/public/bc/NWDEMO_MODEL/IMAGES/HT-1037.jpg,54.500,22.100,39.100,CM,
5EF3FD3648631ED5AFBB06173898F3E6,HT-1040,PR,LaserPrinters,5EF3FD3648631ED5AFBB0614A48953E6,20160118113953.0000000,5EF3FD3648631ED5AFBB0614A48953E6,20160118113953.0000000,5EF3FD3648631ED5AFBB0614A4C453E6,5EF3FD3648631ED5AFBB0614A4C473E6,5EF3FD3648631ED5AFBB0614A4B0F3E6,1,EA,32.000,KG,EUR,830.00,/sap/public/bc/NWDEMO_MODEL/IMAGES/HT-1040.jpg,51.000,46.000,30.000,CM,
5EF3FD3648631ED5AFBB0617389913E6,HT-1041,PR,LaserPrinters,5EF3FD3648631ED5AFBB0614A48953E6,20160118113953.0000000,5EF3FD3648631ED5AFBB0614A48953E6,20160118113953.0000000,5EF3FD3648631ED5AFBB0614A4C493E6,5EF3FD3648631ED5AFBB0614A4C4B3E6,5EF3FD3648631ED5AFBB0614A4B113E6,1,EA,23.000,KG,ARS,490.00,/sap/public/bc/NWDEMO_MODEL/IMAGES/HT-1041.jpg,48.000,42.000,26.000,CM,
5EF3FD3648631ED5AFBB0617389933E6,HT-1042,PR,LaserPrinters,5EF3FD3648631ED5AFBB0614A48953E6,20160118113953.0000000,5EF3FD3648631ED5AFBB0614A48953E6,20160118113953.0000000,5EF3FD3648631ED5AFBB0614A4C4D3E6,5EF3FD3648631ED5AFBB0614A4C4F3E6,5EF3FD3648631ED5AFBB0614A4B133E6,1,EA,17.000,KG,EUR,349.00,/sap/public/bc/NWDEMO_MODEL/IMAGES/HT-1042.jpg,53.000,50.000,65.000,CM,
5EF3FD3648631ED5AFBB0617389953E6,HT-1050,PR,InkJetPrinters,5EF3FD3648631ED5AFBB0614A48953E6,20160118113953.0000000,5EF3FD3648631ED5AFBB0614A48953E6,20160118113953.0000000,5EF3FD3648631ED5AFBB0614A4C513E6,5EF3FD3648631ED5AFBB0614A4C533E6,5EF3FD3648631ED5AFBB0614A4B153E6,1,EA,3.000,KG,RUB,139.00,/sap/public/bc/NWDEMO_MODEL/IMAGES/HT-1050.jpg,41.000,41.000,28.000,CM,
5EF3FD3648631ED5AFBB0617389973E6,HT-1051,PR,InkJetPrinters,5EF3FD3648631ED5AFBB0614A48953E6,20160118113953.0000000,5EF3FD3648631ED5AFBB0614A48953E6,20160118113953.0000000,5EF3FD3648631ED5AFBB0614A4C553E6,5EF3FD3648631ED5AFBB0614A4C573E6,5EF3FD3648631ED5AFBB0614A4B173E6,1,EA,1.900,KG,USD,99.00,/sap/public/bc/NWDEMO_MODEL/IMAGES/HT-1051.jpg,46.000,32.000,25.000,CM,
5EF3FD3648631ED5AFBB0617389993E6,HT-1052,PR,InkJetPrinters,5EF3FD3648631ED5AFBB0614A48953E6,20160118113953.0000000,5EF3FD3648631ED5AFBB0614A48953E6,20160118113953.0000000,5EF3FD3648631ED5AFBB0614A4C593E6,5EF3FD3648631ED5AFBB0614A4C5B3E6,5EF3FD3648631ED5AFBB0614A4B193E6,1,EA,18.000,KG,EUR,170.00,/sap/public/bc/NWDEMO_MODEL/IMAGES/HT-1052.jpg,41.000,41.000,28.000,CM,
5EF3FD3648631ED5AFBB06173899B3E6,HT-1055,PR,MultifunctionPrinters,5EF3FD3648631ED5AFBB0614A48953E6,20160118113953.0000000,5EF3FD3648631ED5AFBB0614A48953E6,20160118113953.0000000,5EF3FD3648631ED5AFBB0614A4C5D3E6,5EF3FD3648631ED5AFBB0614A4C5F3E6,5EF3FD3648631ED5AFBB0614A4B1B3E6,1,EA,6.300,KG,EUR,99.00,/sap/public/bc/NWDEMO_MODEL/IMAGES/HT-1055.jpg,55.000,45.000,29.000,CM,
5EF3FD3648631ED5AFBB06173899D3E6,HT-1056,PR,MultifunctionPrinters,5EF3FD3648631ED5AFBB0614A48953E6,20160118113953.0000000,5EF3FD3648631ED5AFBB0614A48953E6,20160118113953.0000000,5EF3FD3648631ED5AFBB0614A4C613E6,5EF3FD3648631ED5AFBB0614A4C633E6,5EF3FD3648631ED5AFBB0614A4B1D3E6,1,EA,4.300,KG,JPY,119.00,/sap/public/bc/NWDEMO_MODEL/IMAGES/HT-1056.jpg,51.000,41.300,22.000,CM,
5EF3FD3648631ED5AFBB06173899F3E6,HT-1060,PR,Mice,5EF3FD3648631ED5AFBB0614A48953E6,20160118113953.0000000,5EF3FD3648631ED5AFBB0614A48953E6,20160118113953.0000000,5EF3FD3648631ED5AFBB0614A4C653E6,5EF3FD3648631ED5AFBB0614A4C673E6,5EF3FD3648631ED5AFBB0614A4B1F3E6,1,EA,0.090,KG,EUR,9.00,/sap/public/bc/NWDEMO_MODEL/IMAGES/HT-1060.jpg,6.000,14.500,3.500,CM,
5EF3FD3648631ED5AFBB0617389A13E6,HT-1061,PR,Mice,5EF3FD3648631ED5AFBB0614A48953E6,20160118113953.0000000,5EF3FD3648631ED5AFBB0614A48953E6,20160118113953.0000000,5EF3FD3648631ED5AFBB0614A4C693E6,5EF3FD3648631ED5AFBB0614A4C6B3E6,5EF3FD3648631ED5AFBB0614A4B213E6,1,EA,0.090,KG,EUR,7.00,/sap/public/bc/NWDEMO_MODEL/IMAGES/HT-1061.jpg,7.000,15.000,3.100,CM,
5EF3FD3648631ED5AFBB0617389A33E6,HT-1062,PR,Mice,5EF3FD3648631ED5AFBB0614A48953E6,20160118113953.0000000,5EF3FD3648631ED5AFBB0614A48953E6,20160118113953.0000000,5EF3FD3648631ED5AFBB0614A4C6D3E6,5EF3FD3648631ED5AFBB0614A4C6F3E6,5EF3FD3648631ED5AFBB0614A4B233E6,1,EA,0.030,KG,ARS,11.00,/sap/public/bc/NWDEMO_MODEL/IMAGES/HT-1062.jpg,3.000,7.000,4.000,CM,
5EF3FD3648631ED5AFBB0617389A53E6,HT-1063,PR,Keyboards,5EF3FD3648631ED5AFBB0614A48953E6,20160118113953.0000000,5EF3FD3648631ED5AFBB0614A48953E6,20160118113953.0000000,5EF3FD3648631ED5AFBB0614A4C713E6,5EF3FD3648631ED5AFBB0614A4C733E6,5EF3FD3648631ED5AFBB0614A4B253E6,1,EA,2.100,KG,BRL,14.00,/sap/public/bc/NWDEMO_MODEL/IMAGES/HT-1063.jpg,50.000,21.000,3.500,CM,
5EF3FD3648631ED5AFBB0617389A73E6,HT-1064,PR,Keyboards,5EF3FD3648631ED5AFBB0614A48953E6,20160118113953.0000000,5EF3FD3648631ED5AFBB0614A48953E6,20160118113953.0000000,5EF3FD3648631ED5AFBB0614A4C753E6,5EF3FD3648631ED5AFBB0614A4C773E6,5EF3FD3648631ED5AFBB0614A4B273E6,1,EA,1.800,KG,CAD,16.00,/sap/public/bc/NWDEMO_MODEL/IMAGES/HT-1064.jpg,52.000,25.000,3.000,CM,
5EF3FD3648631ED5AFBB0617389A93E6,HT-1065,PR,Keyboards,5EF3FD3648631ED5AFBB0614A48953E6,20160118113953.0000000,5EF3FD3648631ED5AFBB0614A48953E6,20160118113953.0000000,5EF3FD3648631ED5AFBB0614A4C793E6,5EF3FD3648631ED5AFBB0614A4C7B3E6,5EF3FD3648631ED5AFBB0614A4B293E6,1,EA,2.300,KG,CHF,26.00,/sap/public/bc/NWDEMO_MODEL/IMAGES/HT-1065.jpg,51.400,23.000,4.000,CM,
5EF3FD3648631ED5AFBB0617389AB3E6,HT-1066,PR,Mousepads,5EF3FD3648631ED5AFBB0614A48953E6,20160118113953.0000000,5EF3FD3648631ED5AFBB0614A48953E6,20160118113953.0000000,5EF3FD3648631ED5AFBB0614A4C7D3E6,5EF3FD3648631ED5AFBB0614A4C7F3E6,5EF3FD3648631ED5AFBB0614A4B2B3E6,1,EA,80.000,G,USD,6.99,/sap/public/bc/NWDEMO_MODEL/IMAGES/HT-1066.jpg,15.000,6.000,0.200,CM,
5EF3FD3648631ED5AFBB0617389AD3E6,HT-1067,PR,Mousepads,5EF3FD3648631ED5AFBB0614A48953E6,20160118113953.0000000,5EF3FD3648631ED5AFBB0614A48953E6,20160118113953.0000000,5EF3FD3648631ED5AFBB0614A4C813E6,5EF3FD3648631ED5AFBB0614A4C833E6,5EF3FD3648631ED5AFBB0614A4B2D3E6,1,EA,80.000,G,EUR,8.99,/sap/public/bc/NWDEMO_MODEL/IMAGES/HT-1067.jpg,15.000,6.000,0.200,CM,
5EF3FD3648631ED5AFBB0617389AF3E6,HT-1068,PR,Mousepads,5EF3FD3648631ED5AFBB0614A48953E6,20160118113953.0000000,5EF3FD3648631ED5AFBB0614A48953E6,20160118113953.0000000,5EF3FD3648631ED5AFBB0614A4C853E6,5EF3FD3648631ED5AFBB0614A4C873E6,5EF3FD3648631ED5AFBB0614A4B2F3E6,1,EA,90.000,G,USD,12.99,/sap/public/bc/NWDEMO_MODEL/IMAGES/HT-1068.jpg,24.000,24.000,0.600,CM,
5EF3FD3648631ED5AFBB0617389B13E6,HT-1069,PR,ComputerSystemAccessories,5EF3FD3648631ED5AFBB0614A48953E6,20160118113953.0000000,5EF3FD3648631ED5AFBB0614A48953E6,20160118113953.0000000,5EF3FD3648631ED5AFBB0614A4C893E6,5EF3FD3648631ED5AFBB0614A4C8B3E6,5EF3FD3648631ED5AFBB0614A4B313E6,1,EA,45.000,G,JPY,14.00,/sap/public/bc/NWDEMO_MODEL/IMAGES/HT-1069.jpg,6.000,6.000,3.000,CM,
5EF3FD3648631ED5AFBB0617389B33E6,HT-1070,PR,GraphicCards,5EF3FD3648631ED5AFBB0614A48953E6,20160118113953.0000000,5EF3FD3648631ED5AFBB0614A48953E6,20160118113953.0000000,5EF3FD3648631ED5AFBB0614A4C8D3E6,5EF3FD3648631ED5AFBB0614A4C8F3E6,5EF3FD3648631ED5AFBB0614A4B333E6,1,EA,0.255,KG,ARS,70.90,/sap/public/bc/NWDEMO_MODEL/IMAGES/HT-1070.jpg,22.000,35.000,17.000,CM,
5EF3FD3648631ED5AFBB0617389B53E6,HT-1071,PR,GraphicCards,5EF3FD3648631ED5AFBB0614A48953E6,20160118113953.0000000,5EF3FD3648631ED5AFBB0614A48953E6,20160118113953.0000000,5EF3FD3648631ED5AFBB0614A4C913E6,5EF3FD3648631ED5AFBB0614A4C933E6,5EF3FD3648631ED5AFBB0614A4B353E6,1,EA,0.300,KG,ZAR,81.70,/sap/public/bc/NWDEMO_MODEL/IMAGES/HT-1071.jpg,22.000,35.000,17.000,CM,
5EF3FD3648631ED5AFBB0617389B73E6,HT-1072,PR,GraphicCards,5EF3FD3648631ED5AFBB0614A48953E6,20160118113953.0000000,5EF3FD3648631ED5AFBB0614A48953E6,20160118113953.0000000,5EF3FD3648631ED5AFBB0614A4C953E6,5EF3FD3648631ED5AFBB0614A4C973E6,5EF3FD3648631ED5AFBB0614A4B373E6,1,EA,0.400,KG,USD,101.20,/sap/public/bc/NWDEMO_MODEL/IMAGES/HT-1072.jpg,22.000,35.000,17.000,CM,
5EF3FD3648631ED5AFBB0617389B93E6,HT-1073,PR,GraphicCards,5EF3FD3648631ED5AFBB0614A48953E6,20160118113953.0000000,5EF3FD3648631ED5AFBB0614A48953E6,20160118113953.0000000,5EF3FD3648631ED5AFBB0614A4C993E6,5EF3FD3648631ED5AFBB0614A4C9B3E6,5EF3FD3648631ED5AFBB0614A4B393E6,1,EA,0.400,KG,EUR,139.99,/sap/public/bc/NWDEMO_MODEL/IMAGES/HT-1073.jpg,22.000,35.000,17.000,CM,
5EF3FD3648631ED5AFBB0617389BB3E6,HT-1080,PR,Scanners,5EF3FD3648631ED5AFBB0614A48953E6,20160118113953.0000000,5EF3FD3648631ED5AFBB0614A48953E6,20160118113953.0000000,5EF3FD3648631ED5AFBB0614A4C9D3E6,5EF3FD3648631ED5AFBB0614A4C9F3E6,5EF3FD3648631ED5AFBB0614A4B3B3E6,1,EA,2.300,KG,INR,129.00,/sap/public/bc/NWDEMO_MODEL/IMAGES/HT-1080.jpg,34.000,48.000,5.000,CM,
5EF3FD3648631ED5AFBB0617389BD3E6,HT-1081,PR,Scanners,5EF3FD3648631ED5AFBB0614A48953E6,20160118113953.0000000,5EF3FD3648631ED5AFBB0614A48953E6,20160118113953.0000000,5EF3FD3648631ED5AFBB0614A4CA13E6,5EF3FD3648631ED5AFBB0614A4CA33E6,5EF3FD3648631ED5AFBB0614A4B3D3E6,1,EA,2.400,KG,PLN,89.00,/sap/public/bc/NWDEMO_MODEL/IMAGES/HT-1081.jpg,31.000,43.000,7.000,CM,
5EF3FD3648631ED5AFBB0617389BF3E6,HT-1082,PR,Scanners,5EF3FD3648631ED5AFBB0614A48953E6,20160118113953.0000000,5EF3FD3648631ED5AFBB0614A48953E6,20160118113953.0000000,5EF3FD3648631ED5AFBB0614A4CA53E6,5EF3FD3648631ED5AFBB0614A4CA73E6,5EF3FD3648631ED5AFBB0614A4B3F3E6,1,EA,3.200,KG,ARS,169.00,/sap/public/bc/NWDEMO_MODEL/IMAGES/HT-1082.jpg,33.000,41.000,12.000,CM,
5EF3FD3648631ED5AFBB0617389C13E6,HT-1083,PR,Scanners,5EF3FD3648631ED5AFBB0614A48953E6,20160118113953.0000000,5EF3FD3648631ED5AFBB0614A48953E6,20160118113953.0000000,5EF3FD3648631ED5AFBB0614A4CA93E6,5EF3FD3648631ED5AFBB0614A4CAB3E6,5EF3FD3648631ED5AFBB0614A4B413E6,1,EA,3.200,KG,CNY,189.00,/sap/public/bc/NWDEMO_MODEL/IMAGES/HT-1083.jpg,35.000,40.000,10.000,CM,
5EF3FD3648631ED5AFBB0617389C33E6,HT-1085,PR,MultifunctionPrinters,5EF3FD3648631ED5AFBB0614A48953E6,20160118113953.0000000,5EF3FD3648631ED5AFBB0614A48953E6,20160118113953.0000000,5EF3FD3648631ED5AFBB0614A4CAD3E6,5EF3FD3648631ED5AFBB0614A4CAF3E6,5EF3FD3648631ED5AFBB0614A4B433E6,1,EA,23.200,KG,DKK,1499.00,/sap/public/bc/NWDEMO_MODEL/IMAGES/HT-1085.jpg,45.000,42.000,22.000,CM,
5EF3FD3648631ED5AFBB0617389C53E6,HT-1090,PR,Speakers,5EF3FD3648631ED5AFBB0614A48953E6,20160118113953.0000000,5EF3FD3648631ED5AFBB0614A48953E6,20160118113953.0000000,5EF3FD3648631ED5AFBB0614A4CB13E6,5EF3FD3648631ED5AFBB0614A4CB33E6,5EF3FD3648631ED5AFBB0614A4B453E6,1,EA,3.000,KG,EUR,39.00,/sap/public/bc/NWDEMO_MODEL/IMAGES/HT-1090.jpg,12.000,10.000,16.000,CM,
5EF3FD3648631ED5AFBB0617389C73E6,HT-1091,PR,Speakers,5EF3FD3648631ED5AFBB0614A48953E6,20160118113953.0000000,5EF3FD3648631ED5AFBB0614A48953E6,20160118113953.0000000,5EF3FD3648631ED5AFBB0614A4CB53E6,5EF3FD3648631ED5AFBB0614A4CB73E6,5EF3FD3648631ED5AFBB0614A4AED3E6,1,EA,1.400,KG,EUR,26.00,/sap/public/bc/NWDEMO_MODEL/IMAGES/HT-1091.jpg,13.000,11.000,17.500,CM,
5EF3FD3648631ED5AFBB0617389C93E6,HT-1092,PR,Speakers,5EF3FD3648631ED5AFBB0614A48953E6,20160118113953.0000000,5EF3FD3648631ED5AFBB0614A48953E6,20160118113953.0000000,5EF3FD3648631ED5AFBB0614A4CB93E6,5EF3FD3648631ED5AFBB0614A4CBB3E6,5EF3FD3648631ED5AFBB0614A4AEF3E6,1,EA,2.100,KG,EUR,45.00,/sap/public/bc/NWDEMO_MODEL/IMAGES/HT-1092.jpg,12.400,10.400,18.100,CM,
5EF3FD3648631ED5AFBB0617389CB3E6,HT-1100,PR,Software,5EF3FD3648631ED5AFBB0614A48953E6,20160118113953.0000000,5EF3FD3648631ED5AFBB0614A48953E6,20160118113953.0000000,5EF3FD3648631ED5AFBB0614A4CBD3E6,5EF3FD3648631ED5AFBB0614A4CBF3E6,5EF3FD3648631ED5AFBB0614A4AF13E6,1,EA,1.200,KG,USD,89.90,/sap/public/bc/NWDEMO_MODEL/IMAGES/HT-1100.jpg,15.000,6.500,2.100,CM,
5EF3FD3648631ED5AFBB0617389CD3E6,HT-1101,PR,Software,5EF3FD3648631ED5AFBB0614A48953E6,20160118113953.0000000,5EF3FD3648631ED5AFBB0614A48953E6,20160118113953.0000000,5EF3FD3648631ED5AFBB0614A4CC13E6,5EF3FD3648631ED5AFBB0614A4CC33E6,5EF3FD3648631ED5AFBB0614A4AF33E6,1,EA,0.800,KG,EUR,79.90,/sap/public/bc/NWDEMO_MODEL/IMAGES/HT-1101.jpg,14.000,6.700,24.000,CM,
5EF3FD3648631ED5AFBB0617389CF3E6,HT-1102,PR,Software,5EF3FD3648631ED5AFBB0614A48953E6,20160118113953.0000000,5EF3FD3648631ED5AFBB0614A48953E6,20160118113953.0000000,5EF3FD3648631ED5AFBB0614A4CC53E6,5EF3FD3648631ED5AFBB0614A4CC73E6,5EF3FD3648631ED5AFBB0614A4AF53E6,1,EA,0.800,KG,USD,69.00,/sap/public/bc/NWDEMO_MODEL/IMAGES/HT-1102.jpg,16.000,6.000,27.000,CM,
5EF3FD3648631ED5AFBB0617389D13E6,HT-1103,PR,Software,5EF3FD3648631ED5AFBB0614A48953E6,20160118113953.0000000,5EF3FD3648631ED5AFBB0614A48953E6,20160118113953.0000000,5EF3FD3648631ED5AFBB0614A4CC93E6,5EF3FD3648631ED5AFBB0614A4CCB3E6,5EF3FD3648631ED5AFBB0614A4AF73E6,1,EA,0.800,KG,EUR,77.00,/sap/public/bc/NWDEMO_MODEL/IMAGES/HT-1103.jpg,11.000,3.400,22.000,CM,
5EF3FD3648631ED5AFBB0617389D33E6,HT-1104,PR,Software,5EF3FD3648631ED5AFBB0614A48953E6,20160118113953.0000000,5EF3FD3648631ED5AFBB0614A48953E6,20160118113953.0000000,5EF3FD3648631ED5AFBB0614A4CCD3E6,5EF3FD3648631ED5AFBB0614A4CCF3E6,5EF3FD3648631ED5AFBB0614A4AF93E6,1,EA,1.100,KG,JPY,55.00,/sap/public/bc/NWDEMO_MODEL/IMAGES/HT-1104.jpg,10.000,3.000,30.000,CM,
5EF3FD3648631ED5AFBB0617389D53E6,HT-1105,PR,Software,5EF3FD3648631ED5AFBB0614A48953E6,20160118113953.0000000,5EF3FD3648631ED5AFBB0614A48953E6,20160118113953.0000000,5EF3FD3648631ED5AFBB0614A4CD13E6,5EF3FD3648631ED5AFBB0614A4CD33E6,5EF3FD3648631ED5AFBB0614A4AFB3E6,1,EA,0.700,KG,EUR,29.00,/sap/public/bc/NWDEMO_MODEL/IMAGES/HT-1105.jpg,16.000,4.000,21.000,CM,
5EF3FD3648631ED5AFBB0617389D73E6,HT-1106,PR,Software,5EF3FD3648631ED5AFBB0614A48953E6,20160118113953.0000000,5EF3FD3648631ED5AFBB0614A48953E6,20160118113953.0000000,5EF3FD3648631ED5AFBB0614A4CD53E6,5EF3FD3648631ED5AFBB0614A4CD73E6,5EF3FD3648631ED5AFBB0614A4AFD3E6,1,EA,0.900,KG,MXN,34.00,/sap/public/bc/NWDEMO_MODEL/IMAGES/HT-1106.jpg,17.900,4.200,23.100,CM,
5EF3FD3648631ED5AFBB0617389D93E6,HT-1107,PR,Software,5EF3FD3648631ED5AFBB0614A48953E6,20160118113953.0000000,5EF3FD3648631ED5AFBB0614A48953E6,20160118113953.0000000,5EF3FD3648631ED5AFBB0614A4CD93E6,5EF3FD3648631ED5AFBB0614A4CDB3E6,5EF3FD3648631ED5AFBB0614A4AFF3E6,1,EA,0.500,KG,ARS,29.90,/sap/public/bc/NWDEMO_MODEL/IMAGES/HT-1107.jpg,12.000,1.500,19.000,CM,
5EF3FD3648631ED5AFBB0617389DB3E6,HT-1110,PR,ComputerSystemAccessories,5EF3FD3648631ED5AFBB0614A48953E6,20160118113953.0000000,5EF3FD3648631ED5AFBB0614A48953E6,20160118113953.0000000,5EF3FD3648631ED5AFBB0614A4CDD3E6,5EF3FD3648631ED5AFBB0614A4CDF3E6,5EF3FD3648631ED5AFBB0614A4B013E6,1,EA,0.030,KG,USD,8.90,/sap/public/bc/NWDEMO_MODEL/IMAGES/HT-1110.jpg,20.000,8.000,4.300,CM,
5EF3FD3648631ED5AFBB0617389DD3E6,HT-1111,PR,ComputerSystemAccessories,5EF3FD3648631ED5AFBB0614A48953E6,20160118113953.0000000,5EF3FD3648631ED5AFBB0614A48953E6,20160118113953.0000000,5EF3FD3648631ED5AFBB0614A4CE13E6,5EF3FD3648631ED5AFBB0614A4CE33E6,5EF3FD3648631ED5AFBB0614A4B033E6,1,EA,0.020,KG,EUR,6.90,/sap/public/bc/NWDEMO_MODEL/IMAGES/HT-1111.jpg,31.000,9.000,7.000,CM,
5EF3FD3648631ED5AFBB0617389DF3E6,HT-1112,PR,ComputerSystemAccessories,5EF3FD3648631ED5AFBB0614A48953E6,20160118113953.0000000,5EF3FD3648631ED5AFBB0614A48953E6,20160118113953.0000000,5EF3FD3648631ED5AFBB0614A4CE53E6,5EF3FD3648631ED5AFBB0614A4CE73E6,5EF3FD3648631ED5AFBB0614A4B053E6,1,EA,0.075,KG,GBP,39.00,/sap/public/bc/NWDEMO_MODEL/IMAGES/HT-1112.jpg,9.000,8.200,1.300,CM,
5EF3FD3648631ED5AFBB0617389E13E6,HT-1113,PR,ComputerSystemAccessories,5EF3FD3648631ED5AFBB0614A48953E6,20160118113953.0000000,5EF3FD3648631ED5AFBB0614A48953E6,20160118113953.0000000,5EF3FD3648631ED5AFBB0614A4CE93E6,5EF3FD3648631ED5AFBB0614A4CEB3E6,5EF3FD3648631ED5AFBB0614A4B073E6,1,EA,0.050,KG,EUR,2.30,/sap/public/bc/NWDEMO_MODEL/IMAGES/HT-1113.jpg,2.000,2.000,0.100,CM,
5EF3FD3648631ED5AFBB0617389E33E6,HT-1114,PR,ComputerSystemAccessories,5EF3FD3648631ED5AFBB0614A48953E6,20160118113953.0000000,5EF3FD3648631ED5AFBB0614A48953E6,20160118113953.0000000,5EF3FD3648631ED5AFBB0614A4CED3E6,5EF3FD3648631ED5AFBB0614A4CEF3E6,5EF3FD3648631ED5AFBB0614A4B093E6,1,EA,1.800,KG,USD,31.00,/sap/public/bc/NWDEMO_MODEL/IMAGES/HT-1114.jpg,42.000,32.000,7.000,CM,
5EF3FD3648631ED5AFBB0617389E53E6,HT-1115,PR,Telecommunications,5EF3FD3648631ED5AFBB0614A48953E6,20160118113953.0000000,5EF3FD3648631ED5AFBB0614A48953E6,20160118113953.0000000,5EF3FD3648631ED5AFBB0614A4CF13E6,5EF3FD3648631ED5AFBB0614A4CF33E6,5EF3FD3648631ED5AFBB0614A4B0B3E6,1,EA,0.450,KG,CAD,49.00,/sap/public/bc/NWDEMO_MODEL/IMAGES/HT-1115.jpg,19.300,18.000,5.000,CM,
5EF3FD3648631ED5AFBB0617389E73E6,HT-1116,PR,Telecommunications,5EF3FD3648631ED5AFBB0614A48953E6,20160118113953.0000000,5EF3FD3648631ED5AFBB0614A48953E6,20160118113953.0000000,5EF3FD3648631ED5AFBB0614A4CF53E6,5EF3FD3648631ED5AFBB0614A4CF73E6,5EF3FD3648631ED5AFBB0614A4B0D3E6,1,EA,0.450,KG,MXN,59.00,/sap/public/bc/NWDEMO_MODEL/IMAGES/HT-1116.jpg,19.300,18.000,5.000,CM,
5EF3FD3648631ED5AFBB0617389E93E6,HT-1117,PR,Telecommunications,5EF3FD3648631ED5AFBB0614A48953E6,20160118113953.0000000,5EF3FD3648631ED5AFBB0614A48953E6,20160118113953.0000000,5EF3FD3648631ED5AFBB0614A4CF93E6,5EF3FD3648631ED5AFBB0614A4CFB3E6,5EF3FD3648631ED5AFBB0614A4B0F3E6,1,EA,0.450,KG,EUR,69.00,/sap/public/bc/NWDEMO_MODEL/IMAGES/HT-1117.jpg,19.300,18.000,5.000,CM,
5EF3FD3648631ED5AFBB0617389EB3E6,HT-1118,PR,ComputerSystemAccessories,5EF3FD3648631ED5AFBB0614A48953E6,20160118113953.0000000,5EF3FD3648631ED5AFBB0614A48953E6,20160118113953.0000000,5EF3FD3648631ED5AFBB0614A4CFD3E6,5EF3FD3648631ED5AFBB0614A4CFF3E6,5EF3FD3648631ED5AFBB0614A4B113E6,1,EA,0.015,KG,ARS,35.00,/sap/public/bc/NWDEMO_MODEL/IMAGES/HT-1118.jpg,1.500,8.700,1.200,CM,
5EF3FD3648631ED5AFBB0617389ED3E6,HT-1120,PR,Keyboards,5EF3FD3648631ED5AFBB0614A48953E6,20160118113953.0000000,5EF3FD3648631ED5AFBB0614A48953E6,20160118113953.0000000,5EF3FD3648631ED5AFBB0614A4D013E6,5EF3FD3648631ED5AFBB0614A4D033E6,5EF3FD3648631ED5AFBB0614A4B133E6,1,EA,1.000,KG,EUR,29.00,/sap/public/bc/NWDEMO_MODEL/IMAGES/HT-1120.jpg,51.400,23.000,4.000,CM,
5EF3FD3648631ED5AFBB0617389EF3E6,HT-1137,PR,FlatScreenMonitors,5EF3FD3648631ED5AFBB0614A48953E6,20160118113953.0000000,5EF3FD3648631ED5AFBB0614A48953E6,20160118113953.0000000,5EF3FD3648631ED5AFBB0614A4D053E6,5EF3FD3648631ED5AFBB0614A4D073E6,5EF3FD3648631ED5AFBB0614A4B153E6,1,EA,18.000,KG,RUB,1430.00,/sap/public/bc/NWDEMO_MODEL/IMAGES/HT-1137.jpg,54.000,22.000,38.000,CM,
5EF3FD3648631ED5AFBB0617389F13E6,HT-1138,PR,Mice,5EF3FD3648631ED5AFBB0614A48953E6,20160118113953.0000000,5EF3FD3648631ED5AFBB0614A48953E6,20160118113953.0000000,5EF3FD3648631ED5AFBB0614A4D093E6,5EF3FD3648631ED5AFBB0614A4D0B3E6,5EF3FD3648631ED5AFBB0614A4B173E6,1,EA,0.020,KG,USD,23.00,/sap/public/bc/NWDEMO_MODEL/IMAGES/HT-1138.jpg,0.300,0.500,1.000,CM,
5EF3FD3648631ED5AFBB0617389F33E6,HT-1210,PR,PCs,5EF3FD3648631ED5AFBB0614A48953E6,20160118113953.0000000,5EF3FD3648631ED5AFBB0614A48953E6,20160118113953.0000000,5EF3FD3648631ED5AFBB0614A4D0D3E6,5EF3FD3648631ED5AFBB0614A4D0F3E6,5EF3FD3648631ED5AFBB0614A4B193E6,1,EA,2.300,KG,EUR,2399.00,/sap/public/bc/NWDEMO_MODEL/IMAGES/HT-1210.jpg,28.000,31.000,43.000,CM,
5EF3FD3648631ED5AFBB0617389F53E6,HT-1500,PR,Servers,5EF3FD3648631ED5AFBB0614A48953E6,20160118113953.0000000,5EF3FD3648631ED5AFBB0614A48953E6,20160118113953.0000000,5EF3FD3648631ED5AFBB0614A4D113E6,5EF3FD3648631ED5AFBB0614A4D133E6,5EF3FD3648631ED5AFBB0614A4B1B3E6,1,EA,18.000,KG,EUR,5000.00,/sap/public/bc/NWDEMO_MODEL/IMAGES/HT-1500.jpg,34.000,35.000,23.000,CM,
5EF3FD3648631ED5AFBB0617389F73E6,HT-1501,PR,Servers,5EF3FD3648631ED5AFBB0614A48953E6,20160118113953.0000000,5EF3FD3648631ED5AFBB0614A48953E6,20160118113953.0000000,5EF3FD3648631ED5AFBB0614A4D153E6,5EF3FD3648631ED5AFBB0614A4D173E6,5EF3FD3648631ED5AFBB0614A4B1D3E6,1,EA,25.000,KG,JPY,15000.00,/sap/public/bc/NWDEMO_MODEL/IMAGES/HT-1501.jpg,29.000,30.000,27.000,CM,
5EF3FD3648631ED5AFBB0617389F93E6,HT-1502,PR,Servers,5EF3FD3648631ED5AFBB0614A48953E6,20160118113953.0000000,5EF3FD3648631ED5AFBB0614A48953E6,20160118113953.0000000,5EF3FD3648631ED5AFBB0614A4D193E6,5EF3FD3648631ED5AFBB0614A4D1B3E6,5EF3FD3648631ED5AFBB0614A4B1F3E6,1,EA,35.000,KG,EUR,25000.00,/sap/public/bc/NWDEMO_MODEL/IMAGES/HT-1502.jpg,22.000,27.300,37.000,CM,
5EF3FD3648631ED5AFBB0617389FB3E6,HT-6130,PR,FlatScreenTVs,5EF3FD3648631ED5AFBB0614A48953E6,20160118113953.0000000,5EF3FD3648631ED5AFBB0614A48953E6,20160118113953.0000000,5EF3FD3648631ED5AFBB0614A4D1D3E6,5EF3FD3648631ED5AFBB0614A4D1F3E6,5EF3FD3648631ED5AFBB0614A4B213E6,1,EA,2.600,KG,EUR,1459.00,/sap/public/bc/NWDEMO_MODEL/IMAGES/HT-6130.jpg,78.000,22.100,55.000,CM,
5EF3FD3648631ED5AFBB0617389FD3E6,HT-6131,PR,FlatScreenTVs,5EF3FD3648631ED5AFBB0614A48953E6,20160118113953.0000000,5EF3FD3648631ED5AFBB0614A48953E6,20160118113953.0000000,5EF3FD3648631ED5AFBB0614A4D213E6,5EF3FD3648631ED5AFBB0614A4D233E6,5EF3FD3648631ED5AFBB0614A4B233E6,1,EA,2.200,KG,ARS,1199.00,/sap/public/bc/NWDEMO_MODEL/IMAGES/HT-6131.jpg,99.100,26.000,61.000,CM,
5EF3FD3648631ED5AFBB0617389FF3E6,HT-6132,PR,FlatScreenTVs,5EF3FD3648631ED5AFBB0614A48953E6,20160118113953.0000000,5EF3FD3648631ED5AFBB0614A48953E6,20160118113953.0000000,5EF3FD3648631ED5AFBB0614A4D253E6,5EF3FD3648631ED5AFBB0614A4D273E6,5EF3FD3648631ED5AFBB0614A4B253E6,1,EA,1.800,KG,BRL,899.00,/sap/public/bc/NWDEMO_MODEL/IMAGES/HT-6132.jpg,128.000,23.000,79.100,CM,
5EF3FD3648631ED5AFBB061738A013E6,HT-7030,PR,PDAs&Organizers,5EF3FD3648631ED5AFBB0614A48953E6,20160118113953.0000000,5EF3FD3648631ED5AFBB0614A48953E6,20160118113953.0000000,5EF3FD3648631ED5AFBB0614A4D293E6,5EF3FD3648631ED5AFBB0614A4D2B3E6,5EF3FD3648631ED5AFBB0614A4B273E6,1,EA,0.500,KG,CAD,549.00,/sap/public/bc/NWDEMO_MODEL/IMAGES/HT-7030.jpg,8.100,13.000,12.100,CM,
5EF3FD3648631ED5AFBB061738A033E6,HT-7020,PR,PDAs&Organizers,5EF3FD3648631ED5AFBB0614A48953E6,20160118113953.0000000,5EF3FD3648631ED5AFBB0614A48953E6,20160118113953.0000000,5EF3FD3648631ED5AFBB0614A4D2D3E6,5EF3FD3648631ED5AFBB0614A4D2F3E6,5EF3FD3648631ED5AFBB0614A4B293E6,1,EA,0.500,KG,CHF,549.00,/sap/public/bc/NWDEMO_MODEL/IMAGES/HT-7020.jpg,8.100,13.000,12.100,CM,
5EF3FD3648631ED5AFBB061738A053E6,HT-7010,PR,PDAs&Organizers,5EF3FD3648631ED5AFBB0614A48953E6,20160118113953.0000000,5EF3FD3648631ED5AFBB0614A48953E6,20160118113953.0000000,5EF3FD3648631ED5AFBB0614A4D313E6,5EF3FD3648631ED5AFBB0614A4D333E6,5EF3FD3648631ED5AFBB0614A4B2B3E6,1,EA,0.500,KG,USD,549.00,/sap/public/bc/NWDEMO_MODEL/IMAGES/HT-7010.jpg,8.100,13.000,12.100,CM,
5EF3FD3648631ED5AFBB061738A073E6,HT-7000,PR,PDAs&Organizers,5EF3FD3648631ED5AFBB0614A48953E6,20160118113953.0000000,5EF3FD3648631ED5AFBB0614A48953E6,20160118113953.0000000,5EF3FD3648631ED5AFBB0614A4D353E6,5EF3FD3648631ED5AFBB0614A4D373E6,5EF3FD3648631ED5AFBB0614A4B2D3E6,1,EA,0.500,KG,EUR,549.00,/sap/public/bc/NWDEMO_MODEL/IMAGES/HT-7000.jpg,8.100,13.000,12.100,CM,
5EF3FD3648631ED5AFBB061738A093E6,HT-1095,PR,Headsets,5EF3FD3648631ED5AFBB0614A48953E6,20160118113953.0000000,5EF3FD3648631ED5AFBB0614A48953E6,20160118113953.0000000,5EF3FD3648631ED5AFBB0614A4D393E6,5EF3FD3648631ED5AFBB0614A4D3B3E6,5EF3FD3648631ED5AFBB0614A4B2F3E6,1,EA,80.000,G,USD,49.00,/sap/public/bc/NWDEMO_MODEL/IMAGES/HT-1095.jpg,24.000,19.000,23.000,CM,
5EF3FD3648631ED5AFBB061738A0B3E6,HT-1096,PR,Headsets,5EF3FD3648631ED5AFBB0614A48953E6,20160118113953.0000000,5EF3FD3648631ED5AFBB0614A48953E6,20160118113953.0000000,5EF3FD3648631ED5AFBB0614A4D3D3E6,5EF3FD3648631ED5AFBB0614A4D3F3E6,5EF3FD3648631ED5AFBB0614A4B313E6,1,EA,130.000,G,JPY,39.00,/sap/public/bc/NWDEMO_MODEL/IMAGES/HT-1096.jpg,25.000,17.000,19.000,CM,
5EF3FD3648631ED5AFBB061738A0D3E6,HT-1097,PR,Headsets,5EF3FD3648631ED5AFBB0614A48953E6,20160118113953.0000000,5EF3FD3648631ED5AFBB0614A48953E6,20160118113953.0000000,5EF3FD3648631ED5AFBB0614A4D413E6,5EF3FD3648631ED5AFBB0614A4D433E6,5EF3FD3648631ED5AFBB0614A4B333E6,1,EA,60.000,G,ARS,29.00,/sap/public/bc/NWDEMO_MODEL/IMAGES/HT-1097.jpg,21.300,2.400,19.700,CM,
5EF3FD3648631ED5AFBB061738A0F3E6,HT-6123,PR,MP3Players,5EF3FD3648631ED5AFBB0614A48953E6,20160118113953.0000000,5EF3FD3648631ED5AFBB0614A48953E6,20160118113953.0000000,5EF3FD3648631ED5AFBB0614A4D453E6,5EF3FD3648631ED5AFBB0614A4D473E6,5EF3FD3648631ED5AFBB0614A4B353E6,1,EA,267.000,G,ZAR,299.00,/sap/public/bc/NWDEMO_MODEL/IMAGES/HT-6123.jpg,4.000,6.000,0.800,CM,
5EF3FD3648631ED5AFBB061738A113E6,HT-6122,PR,MP3Players,5EF3FD3648631ED5AFBB0614A48953E6,20160118113953.0000000,5EF3FD3648631ED5AFBB0614A48953E6,20160118113953.0000000,5EF3FD3648631ED5AFBB0614A4D493E6,5EF3FD3648631ED5AFBB0614A4D4B3E6,5EF3FD3648631ED5AFBB0614A4B373E6,1,EA,266.000,G,USD,167.00,/sap/public/bc/NWDEMO_MODEL/IMAGES/HT-6122.jpg,5.100,8.000,9.200,CM,
5EF3FD3648631ED5AFBB061738A133E6,HT-6121,PR,MP3Players,5EF3FD3648631ED5AFBB0614A48953E6,20160118113953.0000000,5EF3FD3648631ED5AFBB0614A48953E6,20160118113953.0000000,5EF3FD3648631ED5AFBB0614A4D4D3E6,5EF3FD3648631ED5AFBB0614A4D4F3E6,5EF3FD3648631ED5AFBB0614A4B393E6,1,EA,134.000,G,EUR,63.00,/sap/public/bc/NWDEMO_MODEL/IMAGES/HT-6121.jpg,5.100,8.000,9.200,CM,
5EF3FD3648631ED5AFBB061738A153E6,HT-6120,PR,MP3Players,5EF3FD3648631ED5AFBB0614A48953E6,20160118113953.0000000,5EF3FD3648631ED5AFBB0614A48953E6,20160118113953.0000000,5EF3FD3648631ED5AFBB0614A4D513E6,5EF3FD3648631ED5AFBB0614A4D533E6,5EF3FD3648631ED5AFBB0614A4B3B3E6,1,EA,134.000,G,INR,45.00,/sap/public/bc/NWDEMO_MODEL/IMAGES/HT-6120.jpg,1.500,6.000,1.000,CM,
5EF3FD3648631ED5AFBB061738A173E6,HT-6111,PR,PortablePlayers,5EF3FD3648631ED5AFBB0614A48953E6,20160118113953.0000000,5EF3FD3648631ED5AFBB0614A48953E6,20160118113953.0000000,5EF3FD3648631ED5AFBB0614A4D553E6,5EF3FD3648631ED5AFBB0614A4D573E6,5EF3FD3648631ED5AFBB0614A4B3D3E6,1,EA,3.100,KG,PLN,288.00,/sap/public/bc/NWDEMO_MODEL/IMAGES/HT-6111.jpg,38.000,26.000,6.200,CM,
5EF3FD3648631ED5AFBB061738A193E6,HT-6110,PR,PortablePlayers,5EF3FD3648631ED5AFBB0614A48953E6,20160118113953.0000000,5EF3FD3648631ED5AFBB0614A48953E6,20160118113953.0000000,5EF3FD3648631ED5AFBB0614A4D593E6,5EF3FD3648631ED5AFBB0614A4D5B3E6,5EF3FD3648631ED5AFBB0614A4B3F3E6,1,EA,2.400,KG,ARS,130.00,/sap/public/bc/NWDEMO_MODEL/IMAGES/HT-6110.jpg,37.000,24.000,6.000,CM,
5EF3FD3648631ED5AFBB061738A1B3E6,HT-6102,PR,Projectors,5EF3FD3648631ED5AFBB0614A48953E6,20160118113953.0000000,5EF3FD3648631ED5AFBB0614A48953E6,20160118113953.0000000,5EF3FD3648631ED5AFBB0614A4D5D3E6,5EF3FD3648631ED5AFBB0614A4D5F3E6,5EF3FD3648631ED5AFBB0614A4B413E6,1,EA,2.500,KG,CNY,889.00,/sap/public/bc/NWDEMO_MODEL/IMAGES/HT-6102.jpg,30.400,23.100,23.000,CM,
5EF3FD3648631ED5AFBB061738A1D3E6,HT-6101,PR,Projectors,5EF3FD3648631ED5AFBB0614A48953E6,20160118113953.0000000,5EF3FD3648631ED5AFBB0614A48953E6,20160118113953.0000000,5EF3FD3648631ED5AFBB0614A4D613E6,5EF3FD3648631ED5AFBB0614A4D633E6,5EF3FD3648631ED5AFBB0614A4B433E6,1,EA,2.000,KG,DKK,679.00,/sap/public/bc/NWDEMO_MODEL/IMAGES/HT-6101.jpg,30.400,23.100,23.000,CM,
5EF3FD3648631ED5AFBB061738A1F3E6,HT-2002,PR,PortablePlayers,5EF3FD3648631ED5AFBB0614A48953E6,20160118113953.0000000,5EF3FD3648631ED5AFBB0614A48953E6,20160118113953.0000000,5EF3FD3648631ED5AFBB0614A4D653E6,5EF3FD3648631ED5AFBB0614A4D673E6,5EF3FD3648631ED5AFBB0614A4B453E6,1,EA,0.720,KG,EUR,853.99,/sap/public/bc/NWDEMO_MODEL/IMAGES/HT-2002.jpg,21.000,16.500,14.000,CM,
5EF3FD3648631ED5AFBB061738A213E6,HT-6100,PR,Projectors,5EF3FD3648631ED5AFBB0614A48953E6,20160118113953.0000000,5EF3FD3648631ED5AFBB0614A48953E6,20160118113953.0000000,5EF3FD3648631ED5AFBB0614A4D693E6,5EF3FD3648631ED5AFBB0614A4D6B3E6,5EF3FD3648631ED5AFBB0614A4AED3E6,1,EA,1.700,KG,EUR,469.00,/sap/public/bc/NWDEMO_MODEL/IMAGES/HT-6100.jpg,30.400,23.100,23.000,CM,
5EF3FD3648631ED5AFBB061738A233E6,HT-2027,PR,ComputerSystemAccessories,5EF3FD3648631ED5AFBB0614A48953E6,20160118113953.0000000,5EF3FD3648631ED5AFBB0614A48953E6,20160118113953.0000000,5EF3FD3648631ED5AFBB0614A4D6D3E6,5EF3FD3648631ED5AFBB0614A4D6F3E6,5EF3FD3648631ED5AFBB0614A4AEF3E6,1,EA,0.150,KG,EUR,8.99,/sap/public/bc/NWDEMO_MODEL/IMAGES/HT-2027.jpg,5.500,2.000,2.000,CM,
5EF3FD3648631ED5AFBB061738A253E6,HT-2026,PR,ComputerSystemAccessories,5EF3FD3648631ED5AFBB0614A48953E6,20160118113953.0000000,5EF3FD3648631ED5AFBB0614A48953E6,20160118113953.0000000,5EF3FD3648631ED5AFBB0614A4D713E6,5EF3FD3648631ED5AFBB0614A4D733E6,5EF3FD3648631ED5AFBB0614A4AF13E6,1,EA,0.200,KG,USD,29.99,/sap/public/bc/NWDEMO_MODEL/IMAGES/HT-2026.jpg,21.000,10.200,13.000,CM,
5EF3FD3648631ED5AFBB061738A273E6,HT-2025,PR,ComputerSystemAccessories,5EF3FD3648631ED5AFBB0614A48953E6,20160118113953.0000000,5EF3FD3648631ED5AFBB0614A48953E6,20160118113953.0000000,5EF3FD3648631ED5AFBB0614A4D753E6,5EF3FD3648631ED5AFBB0614A4D773E6,5EF3FD3648631ED5AFBB0614A4AF33E6,1,EA,0.650,KG,EUR,44.99,/sap/public/bc/NWDEMO_MODEL/IMAGES/HT-2025.jpg,13.000,13.000,20.000,CM,
5EF3FD3648631ED5AFBB061738A293E6,HT-2001,PR,PortablePlayers,5EF3FD3648631ED5AFBB0614A48953E6,20160118113953.0000000,5EF3FD3648631ED5AFBB0614A48953E6,20160118113953.0000000,5EF3FD3648631ED5AFBB0614A4D793E6,5EF3FD3648631ED5AFBB0614A4D7B3E6,5EF3FD3648631ED5AFBB0614A4AF53E6,1,EA,0.840,KG,USD,449.99,/sap/public/bc/NWDEMO_MODEL/IMAGES/HT-2001.jpg,24.000,19.500,29.000,CM,
5EF3FD3648631ED5AFBB061738A2B3E6,HT-2000,PR,PortablePlayers,5EF3FD3648631ED5AFBB0614A48953E6,20160118113953.0000000,5EF3FD3648631ED5AFBB0614A48953E6,20160118113953.0000000,5EF3FD3648631ED5AFBB0614A4D7D3E6,5EF3FD3648631ED5AFBB0614A4D7F3E6,5EF3FD3648631ED5AFBB0614A4AF73E6,1,EA,0.790,KG,EUR,249.99,/sap/public/bc/NWDEMO_MODEL/IMAGES/HT-2000.jpg,21.400,19.000,27.600,CM,
5EF3FD3648631ED5AFBB061738A2D3E6,HT-1603,PR,PCs,5EF3FD3648631ED5AFBB0614A48953E6,20160118113953.0000000,5EF3FD3648631ED5AFBB0614A48953E6,20160118113953.0000000,5EF3FD3648631ED5AFBB0614A4D813E6,5EF3FD3648631ED5AFBB0614A4D833E6,5EF3FD3648631ED5AFBB0614A4AF93E6,1,EA,6.800,KG,JPY,1700.00,/sap/public/bc/NWDEMO_MODEL/IMAGES/HT-1603.jpg,27.000,28.000,42.000,CM,
5EF3FD3648631ED5AFBB061738A2F3E6,HT-1602,PR,PCs,5EF3FD3648631ED5AFBB0614A48953E6,20160118113953.0000000,5EF3FD3648631ED5AFBB0614A48953E6,20160118113953.0000000,5EF3FD3648631ED5AFBB0614A4D853E6,5EF3FD3648631ED5AFBB0614A4D873E6,5EF3FD3648631ED5AFBB0614A4AFB3E6,1,EA,5.900,KG,EUR,1200.00,/sap/public/bc/NWDEMO_MODEL/IMAGES/HT-1602.jpg,26.500,34.000,47.000,CM,
5EF3FD3648631ED5AFBB061738A313E6,HT-1601,PR,PCs,5EF3FD3648631ED5AFBB0614A48953E6,20160118113953.0000000,5EF3FD3648631ED5AFBB0614A48953E6,20160118113953.0000000,5EF3FD3648631ED5AFBB0614A4D893E6,5EF3FD3648631ED5AFBB0614A4D8B3E6,5EF3FD3648631ED5AFBB0614A4AFD3E6,1,EA,5.300,KG,MXN,900.00,/sap/public/bc/NWDEMO_MODEL/IMAGES/HT-1601.jpg,25.000,31.700,40.200,CM,
5EF3FD3648631ED5AFBB061738A333E6,HT-1600,PR,PCs,5EF3FD3648631ED5AFBB0614A48953E6,20160118113953.0000000,5EF3FD3648631ED5AFBB0614A48953E6,20160118113953.0000000,5EF3FD3648631ED5AFBB0614A4D8D3E6,5EF3FD3648631ED5AFBB0614A4D8F3E6,5EF3FD3648631ED5AFBB0614A4AFF3E6,1,EA,4.800,KG,ARS,600.00,/sap/public/bc/NWDEMO_MODEL/IMAGES/HT-1600.jpg,21.400,29.000,38.000,CM,
5EF3FD3648631ED5AFBB061738A353E6,HT-1119,PR,ComputerSystemAccessories,5EF3FD3648631ED5AFBB0614A48953E6,20160118113953.0000000,5EF3FD3648631ED5AFBB0614A48953E6,20160118113953.0000000,5EF3FD3648631ED5AFBB0614A4D913E6,5EF3FD3648631ED5AFBB0614A4D933E6,5EF3FD3648631ED5AFBB0614A4B013E6,1,EA,88.000,G,USD,79.00,/sap/public/bc/NWDEMO_MODEL/IMAGES/HT-1119.jpg,2.000,3.100,3.900,CM,
5EF3FD3648631ED5AFBB061738A373E6,HT-8000,PR,Notebooks,5EF3FD3648631ED5AFBB0614A48953E6,20160118113953.0000000,5EF3FD3648631ED5AFBB0614A48953E6,20160118113953.0000000,5EF3FD3648631ED5AFBB0614A4D953E6,5EF3FD3648631ED5AFBB0614A4D973E6,5EF3FD3648631ED5AFBB0614A4B033E6,1,EA,4.000,KG,EUR,799.00,/sap/public/bc/NWDEMO_MODEL/IMAGES/HT-8000.jpg,31.000,19.000,3.100,CM,
5EF3FD3648631ED5AFBB061738A393E6,HT-8001,PR,Notebooks,5EF3FD3648631ED5AFBB0614A48953E6,20160118113953.0000000,5EF3FD3648631ED5AFBB0614A48953E6,20160118113953.0000000,5EF3FD3648631ED5AFBB0614A4D993E6,5EF3FD3648631ED5AFBB0614A4D9B3E6,5EF3FD3648631ED5AFBB0614A4B053E6,1,EA,4.200,KG,GBP,999.00,/sap/public/bc/NWDEMO_MODEL/IMAGES/HT-8001.jpg,32.000,20.000,3.400,CM,
5EF3FD3648631ED5AFBB061738A3B3E6,HT-8002,PR,Notebooks,5EF3FD3648631ED5AFBB0614A48953E6,20160118113953.0000000,5EF3FD3648631ED5AFBB0614A48953E6,20160118113953.0000000,5EF3FD3648631ED5AFBB0614A4D9D3E6,5EF3FD3648631ED5AFBB0614A4D9F3E6,5EF3FD3648631ED5AFBB0614A4B073E6,1,EA,3.500,KG,EUR,1199.00,/sap/public/bc/NWDEMO_MODEL/IMAGES/HT-8002.jpg,38.000,21.000,4.100,CM,
5EF3FD3648631ED5AFBB061738A3D3E6,HT-8003,PR,Notebooks,5EF3FD3648631ED5AFBB0614A48953E6,20160118113953.0000000,5EF3FD3648631ED5AFBB0614A48953E6,20160118113953.0000000,5EF3FD3648631ED5AFBB0614A4DA13E6,5EF3FD3648631ED5AFBB0614A4DA33E6,5EF3FD3648631ED5AFBB0614A4B093E6,1,EA,3.800,KG,USD,1388.00,/sap/public/bc/NWDEMO_MODEL/IMAGES/HT-8003.jpg,48.000,31.000,4.500,CM,
5EF3FD3648631ED5AFBB061738A3F3E6,PF-1000,AD,ComputerSystemAccessories,5EF3FD3648631ED5AFBB0614A48953E6,20160118113953.0000000,5EF3FD3648631ED5AFBB0614A48953E6,20160118113953.0000000,5EF3FD3648631ED5AFBB0614A4DA53E6,5EF3FD3648631ED5AFBB0614A4DA73E6,5EF3FD3648631ED5AFBB0614A4B0B3E6,1,EA,0.010,KG,CAD,0.00,/sap/public/bc/NWDEMO_MODEL/IMAGES/PF-1000.jpg,46.000,30.000,3.000,CM,
5EF3FD3648631ED5AFBB061738A413E6,HT-9999,PR,Tablets,5EF3FD3648631ED5AFBB0614A48953E6,20160118113953.0000000,5EF3FD3648631ED5AFBB0614A48953E6,20160118113953.0000000,5EF3FD3648631ED5AFBB0614A4DA93E6,5EF3FD3648631ED5AFBB0614A4DAB3E6,5EF3FD3648631ED5AFBB0614A4B0D3E6,1,EA,3.800,KG,MXN,749.00,/sap/public/bc/NWDEMO_MODEL/IMAGES/HT-9999.jpg,48.000,31.000,4.500,CM,
5EF3FD3648631ED5AFBB061738A433E6,HT-9998,PR,Smartphones,5EF3FD3648631ED5AFBB0614A48953E6,20160118113953.0000000,5EF3FD3648631ED5AFBB0614A48953E6,20160118113953.0000000,5EF3FD3648631ED5AFBB0614A4DAD3E6,5EF3FD3648631ED5AFBB0614A4DAF3E6,5EF3FD3648631ED5AFBB0614A4B0F3E6,1,EA,0.750,KG,EUR,699.00,/sap/public/bc/NWDEMO_MODEL/IMAGES/HT-9998.jpg,48.000,31.000,4.500,CM,
5EF3FD3648631ED5AFBB061738A453E6,HT-9997,PR,Tablets,5EF3FD3648631ED5AFBB0614A48953E6,20160118113953.0000000,5EF3FD3648631ED5AFBB0614A48953E6,20160118113953.0000000,5EF3FD3648631ED5AFBB0614A4DB13E6,5EF3FD3648631ED5AFBB0614A4DB33E6,5EF3FD3648631ED5AFBB0614A4B113E6,1,EA,3.800,KG,ARS,633.00,/sap/public/bc/NWDEMO_MODEL/IMAGES/HT-9997.jpg,48.000,31.000,4.500,CM,
5EF3FD3648631ED5AFBB061738A473E6,HT-9996,PR,Accessories,5EF3FD3648631ED5AFBB0614A48953E6,20160118113953.0000000,5EF3FD3648631ED5AFBB0614A48953E6,20160118113953.0000000,5EF3FD3648631ED5AFBB0614A4DB53E6,5EF3FD3648631ED5AFBB0614A4DB73E6,5EF3FD3648631ED5AFBB0614A4B133E6,1,EA,0.030,KG,EUR,20.00,/sap/public/bc/NWDEMO_MODEL/IMAGES/HT-9996.jpg,25.000,40.000,4.500,CM,
5EF3FD3648631ED5AFBB061738A493E6,HT-9995,PR,Accessories,5EF3FD3648631ED5AFBB0614A48953E6,20160118113953.0000000,5EF3FD3648631ED5AFBB0614A48953E6,20160118113953.0000000,5EF3FD3648631ED5AFBB0614A4DB93E6,5EF3FD3648631ED5AFBB0614A4DBB3E6,5EF3FD3648631ED5AFBB0614A4B153E6,1,EA,0.020,KG,RUB,15.00,/sap/public/bc/NWDEMO_MODEL/IMAGES/HT-9995.jpg,48.000,31.000,4.500,CM,
5EF3FD3648631ED5AFBB061738A4B3E6,HT-9994,PR,Camcorders,5EF3FD3648631ED5AFBB0614A48953E6,20160118113953.0000000,5EF3FD3648631ED5AFBB0614A48953E6,20160118113953.0000000,5EF3FD3648631ED5AFBB0614A4DBD3E6,5EF3FD3648631ED5AFBB0614A4DBF3E6,5EF3FD3648631ED5AFBB0614A4B173E6,1,EA,3.800,KG,USD,1388.00,/sap/public/bc/NWDEMO_MODEL/IMAGES/HT-9994.jpg,48.000,31.000,27.000,CM,
5EF3FD3648631ED5AFBB061738A4D3E6,HT-9993,PR,Tablets,5EF3FD3648631ED5AFBB0614A48953E6,20160118113953.0000000,5EF3FD3648631ED5AFBB0614A48953E6,20160118113953.0000000,5EF3FD3648631ED5AFBB0614A4DC13E6,5EF3FD3648631ED5AFBB0614A4DC33E6,5EF3FD3648631ED5AFBB0614A4B193E6,1,EA,3.800,KG,EUR,833.00,/sap/public/bc/NWDEMO_MODEL/IMAGES/HT-9993.jpg,48.000,31.000,4.500,CM,
5EF3FD3648631ED5AFBB061738A4F3E6,HT-9992,PR,Smartphones,5EF3FD3648631ED5AFBB0614A48953E6,20160118113953.0000000,5EF3FD3648631ED5AFBB0614A48953E6,20160118113953.0000000,5EF3FD3648631ED5AFBB0614A4DC53E6,5EF3FD3648631ED5AFBB0614A4DC73E6,5EF3FD3648631ED5AFBB0614A4B1B3E6,1,EA,0.750,KG,EUR,599.00,/sap/public/bc/NWDEMO_MODEL/IMAGES/HT-9992.jpg,48.000,31.000,4.500,CM,
5EF3FD3648631ED5AFBB061738A513E6,HT-9991,PR,Accessories,5EF3FD3648631ED5AFBB0614A48953E6,20160118113953.0000000,5EF3FD3648631ED5AFBB0614A48953E6,20160118113953.0000000,5EF3FD3648631ED5AFBB0614A4DC93E6,5EF3FD3648631ED5AFBB0614A4DCB3E6,5EF3FD3648631ED5AFBB0614A4B1D3E6,1,EA,0.020,KG,JPY,25.00,/sap/public/bc/NWDEMO_MODEL/IMAGES/HT-9991.jpg,48.000,31.000,4.500,CM,
5EF3FD3648631ED5AFBB061738A533E6,HT-1251,PR,Notebooks,5EF3FD3648631ED5AFBB0614A48953E6,20160118113953.0000000,5EF3FD3648631ED5AFBB0614A48953E6,20160118113953.0000000,5EF3FD3648631ED5AFBB0614A4DCD3E6,5EF3FD3648631ED5AFBB0614A4DCF3E6,5EF3FD3648631ED5AFBB0614A4B1F3E6,1,EA,4.200,KG,EUR,989.00,/sap/public/bc/NWDEMO_MODEL/IMAGES/HT-1251-FRONT.jpg,30.000,18.000,3.000,CM,
5EF3FD3648631ED5AFBB061738A553E6,HT-1252,PR,Smartphones,5EF3FD3648631ED5AFBB0614A48953E6,20160118113953.0000000,5EF3FD3648631ED5AFBB0614A48953E6,20160118113953.0000000,5EF3FD3648631ED5AFBB0614A4DD13E6,5EF3FD3648631ED5AFBB0614A4DD33E6,5EF3FD3648631ED5AFBB0614A4B213E6,1,EA,0.750,KG,EUR,649.00,/sap/public/bc/NWDEMO_MODEL/IMAGES/HT-1252-FRONT.jpg,8.000,6.000,1.500,CM,
5EF3FD3648631ED5AFBB061738A573E6,HT-1253,PR,Notebooks,5EF3FD3648631ED5AFBB0614A48953E6,20160118113953.0000000,5EF3FD3648631ED5AFBB0614A48953E6,20160118113953.0000000,5EF3FD3648631ED5AFBB0614A4DD53E6,5EF3FD3648631ED5AFBB0614A4DD73E6,5EF3FD3648631ED5AFBB0614A4B233E6,1,EA,4.200,KG,ARS,976.00,/sap/public/bc/NWDEMO_MODEL/IMAGES/HT-1253-LEFT.jpg,30.000,18.000,3.000,CM,
5EF3FD3648631ED5AFBB061738A593E6,HT-1254,PR,FlatScreenMonitors,5EF3FD3648631ED5AFBB0614A48953E6,20160118113953.0000000,5EF3FD3648631ED5AFBB0614A48953E6,20160118113953.0000000,5EF3FD3648631ED5AFBB0614A4DD93E6,5EF3FD3648631ED5AFBB0614A4DDB3E6,5EF3FD3648631ED5AFBB0614A4B253E6,1,EA,15.000,KG,BRL,250.00,/sap/public/bc/NWDEMO_MODEL/IMAGES/HT-1254-FRONT.jpg,37.000,12.000,36.000,CM,
5EF3FD3648631ED5AFBB061738A5B3E6,HT-1255,PR,FlatScreenMonitors,5EF3FD3648631ED5AFBB0614A48953E6,20160118113953.0000000,5EF3FD3648631ED5AFBB0614A48953E6,20160118113953.0000000,5EF3FD3648631ED5AFBB0614A4DDD3E6,5EF3FD3648631ED5AFBB0614A4DDF3E6,5EF3FD3648631ED5AFBB0614A4B273E6,1,EA,16.000,KG,CAD,270.00,/sap/public/bc/NWDEMO_MODEL/IMAGES/HT-1255-FRONT.jpg,39.000,12.000,38.000,CM,
5EF3FD3648631ED5AFBB061738A5D3E6,HT-1256,PR,Smartphones,5EF3FD3648631ED5AFBB0614A48953E6,20160118113953.0000000,5EF3FD3648631ED5AFBB0614A48953E6,20160118113953.0000000,5EF3FD3648631ED5AFBB0614A4DE13E6,5EF3FD3648631ED5AFBB0614A4DE33E6,5EF3FD3648631ED5AFBB0614A4B293E6,1,EA,0.750,KG,CHF,549.00,/sap/public/bc/NWDEMO_MODEL/IMAGES/HT-1256-FRONT.jpg,9.000,15.000,1.500,CM,
5EF3FD3648631ED5AFBB061738A5F3E6,HT-1257,PR,Tablets,5EF3FD3648631ED5AFBB0614A48953E6,20160118113953.0000000,5EF3FD3648631ED5AFBB0614A48953E6,20160118113953.0000000,5EF3FD3648631ED5AFBB0614A4DE53E6,5EF3FD3648631ED5AFBB0614A4DE73E6,5EF3FD3648631ED5AFBB0614A4B2B3E6,1,EA,2.800,KG,USD,549.00,/sap/public/bc/NWDEMO_MODEL/IMAGES/HT-1257-FRONT.jpg,48.000,31.000,4.500,CM,
5EF3FD3648631ED5AFBB061738A613E6,HT-1258,PR,Tablets,5EF3FD3648631ED5AFBB0614A48953E6,20160118113953.0000000,5EF3FD3648631ED5AFBB0614A48953E6,20160118113953.0000000,5EF3FD3648631ED5AFBB0614A4DE93E6,5EF3FD3648631ED5AFBB0614A4DEB3E6,5EF3FD3648631ED5AFBB0614A4B2D3E6,1,EA,2.500,KG,EUR,529.00,/sap/public/bc/NWDEMO_MODEL/IMAGES/HT-1258-FRONT.jpg,38.000,21.000,3.500,CM,
