NODE_KEY,PARENT_KEY.NODE_KEY,QUANTITY,QUANTITY_UNIT,DELIVERY_DATE,DATAAGING
5EF3FD3648631ED5AFBB06AAB744D3EF,5EF3FD3648631ED5AFBB06AAB72653EF,1.000,EA,20160124230000.0000000,00000000
5EF3FD3648631ED5AFBB06AAB744F3EF,5EF3FD3648631ED5AFBB06AAB72673EF,2.000,EA,20160124230000.0000000,00000000
5EF3FD3648631ED5AFBB06AAB74513EF,5EF3FD3648631ED5AFBB06AAB72693EF,2.000,EA,20160124230000.0000000,00000000
5EF3FD3648631ED5AFBB06AAB74533EF,5EF3FD3648631ED5AFBB06AAB726B3EF,2.000,EA,20160124230000.0000000,00000000
5EF3FD3648631ED5AFBB06AAB74553EF,5EF3FD3648631ED5AFBB06AAB726D3EF,3.000,EA,20160124230000.0000000,00000000
5EF3FD3648631ED5AFBB06AAB74573EF,5EF3FD3648631ED5AFBB06AAB726F3EF,2.000,EA,20160124230000.0000000,00000000
5EF3FD3648631ED5AFBB06AAB74593EF,5EF3FD3648631ED5AFBB06AAB72713EF,2.000,EA,20160124230000.0000000,00000000
5EF3FD3648631ED5AFBB06AAB745B3EF,5EF3FD3648631ED5AFBB06AAB72733EF,2.000,EA,20160124230000.0000000,00000000
5EF3FD3648631ED5AFBB06AAB745D3EF,5EF3FD3648631ED5AFBB06AAB72753EF,3.000,EA,20160124230000.0000000,00000000
5EF3FD3648631ED5AFBB06AAB745F3EF,5EF3FD3648631ED5AFBB06AAB72773EF,3.000,EA,20160124230000.0000000,00000000
5EF3FD3648631ED5AFBB06AAB74613EF,5EF3FD3648631ED5AFBB06AAB72793EF,2.000,EA,20160124230000.0000000,00000000
5EF3FD3648631ED5AFBB06AAB74633EF,5EF3FD3648631ED5AFBB06AAB727B3EF,1.000,EA,20160124230000.0000000,00000000
5EF3FD3648631ED5AFBB06AAB74653EF,5EF3FD3648631ED5AFBB06AAB727D3EF,2.000,EA,20160124230000.0000000,00000000
5EF3FD3648631ED5AFBB06AAB74673EF,5EF3FD3648631ED5AFBB06AAB727F3EF,2.000,EA,20160124230000.0000000,00000000
5EF3FD3648631ED5AFBB06AAB74693EF,5EF3FD3648631ED5AFBB06AAB72813EF,2.000,EA,20160124230000.0000000,00000000
5EF3FD3648631ED5AFBB06AAB746B3EF,5EF3FD3648631ED5AFBB06AAB72833EF,2.000,EA,20160124230000.0000000,00000000
5EF3FD3648631ED5AFBB06AAB746D3EF,5EF3FD3648631ED5AFBB06AAB72853EF,3.000,EA,20160124230000.0000000,00000000
5EF3FD3648631ED5AFBB06AAB746F3EF,5EF3FD3648631ED5AFBB06AAB72873EF,3.000,EA,20160124230000.0000000,00000000
5EF3FD3648631ED5AFBB06AAB74713EF,5EF3FD3648631ED5AFBB06AAB72893EF,2.000,EA,20160124230000.0000000,00000000
5EF3FD3648631ED5AFBB06AAB74733EF,5EF3FD3648631ED5AFBB06AAB728B3EF,3.000,EA,20160124230000.0000000,00000000
5EF3FD3648631ED5AFBB06AAB74753EF,5EF3FD3648631ED5AFBB06AAB728D3EF,3.000,EA,20160124230000.0000000,00000000
5EF3FD3648631ED5AFBB06AAB74773EF,5EF3FD3648631ED5AFBB06AAB728F3EF,1.000,EA,20160124230000.0000000,00000000
5EF3FD3648631ED5AFBB06AAB74793EF,5EF3FD3648631ED5AFBB06AAB72913EF,2.000,EA,20160124230000.0000000,00000000
5EF3FD3648631ED5AFBB06AAB747B3EF,5EF3FD3648631ED5AFBB06AAB72933EF,2.000,EA,20160124230000.0000000,00000000
5EF3FD3648631ED5AFBB06AAB747D3EF,5EF3FD3648631ED5AFBB06AAB72953EF,1.000,EA,20160124230000.0000000,00000000
5EF3FD3648631ED5AFBB06AAB747F3EF,5EF3FD3648631ED5AFBB06AAB72973EF,2.000,EA,20160124230000.0000000,00000000
5EF3FD3648631ED5AFBB06AAB74813EF,5EF3FD3648631ED5AFBB06AAB72993EF,1.000,EA,20160124230000.0000000,00000000
5EF3FD3648631ED5AFBB06AAB74833EF,5EF3FD3648631ED5AFBB06AAB729B3EF,2.000,EA,20160124230000.0000000,00000000
5EF3FD3648631ED5AFBB06AAB74853EF,5EF3FD3648631ED5AFBB06AAB729D3EF,3.000,EA,20160124230000.0000000,00000000
5EF3FD3648631ED5AFBB06AAB74873EF,5EF3FD3648631ED5AFBB06AAB729F3EF,3.000,EA,20160124230000.0000000,00000000
5EF3FD3648631ED5AFBB06AAB74893EF,5EF3FD3648631ED5AFBB06AAB72A13EF,3.000,EA,20160124230000.0000000,00000000
5EF3FD3648631ED5AFBB06AAB748B3EF,5EF3FD3648631ED5AFBB06AAB72A33EF,1.000,EA,20160124230000.0000000,00000000
5EF3FD3648631ED5AFBB06AAB748D3EF,5EF3FD3648631ED5AFBB06AAB72A53EF,1.000,EA,20160124230000.0000000,00000000
5EF3FD3648631ED5AFBB06AAB748F3EF,5EF3FD3648631ED5AFBB06AAB72A73EF,2.000,EA,20160124230000.0000000,00000000
5EF3FD3648631ED5AFBB06AAB74913EF,5EF3FD3648631ED5AFBB06AAB72A93EF,1.000,EA,20160124230000.0000000,00000000
5EF3FD3648631ED5AFBB06AAB74933EF,5EF3FD3648631ED5AFBB06AAB72AB3EF,2.000,EA,20160124230000.0000000,00000000
5EF3FD3648631ED5AFBB06AAB74953EF,5EF3FD3648631ED5AFBB06AAB72AD3EF,1.000,EA,20160124230000.0000000,00000000
5EF3FD3648631ED5AFBB06AAB74973EF,5EF3FD3648631ED5AFBB06AAB72AF3EF,3.000,EA,20160124230000.0000000,00000000
5EF3FD3648631ED5AFBB06AAB74993EF,5EF3FD3648631ED5AFBB06AAB72B13EF,1.000,EA,20160124230000.0000000,00000000
5EF3FD3648631ED5AFBB06AAB749B3EF,5EF3FD3648631ED5AFBB06AAB72B33EF,2.000,EA,20160124230000.0000000,00000000
5EF3FD3648631ED5AFBB06AAB749D3EF,5EF3FD3648631ED5AFBB06AAB72B53EF,2.000,EA,20160124230000.0000000,00000000
5EF3FD3648631ED5AFBB06AAB749F3EF,5EF3FD3648631ED5AFBB06AAB72B73EF,3.000,EA,20160124230000.0000000,00000000
5EF3FD3648631ED5AFBB06AAB74A13EF,5EF3FD3648631ED5AFBB06AAB72B93EF,2.000,EA,20160124230000.0000000,00000000
5EF3FD3648631ED5AFBB06AAB74A33EF,5EF3FD3648631ED5AFBB06AAB72BB3EF,2.000,EA,20160124230000.0000000,00000000
5EF3FD3648631ED5AFBB06AAB74A53EF,5EF3FD3648631ED5AFBB06AAB72BD3EF,3.000,EA,20160124230000.0000000,00000000
5EF3FD3648631ED5AFBB06AAB74A73EF,5EF3FD3648631ED5AFBB06AAB72BF3EF,3.000,EA,20160124230000.0000000,00000000
5EF3FD3648631ED5AFBB06AAB74A93EF,5EF3FD3648631ED5AFBB06AAB72C13EF,1.000,EA,20160124230000.0000000,00000000
5EF3FD3648631ED5AFBB06AAB74AB3EF,5EF3FD3648631ED5AFBB06AAB72C33EF,3.000,EA,20160124230000.0000000,00000000
5EF3FD3648631ED5AFBB06AAB74AD3EF,5EF3FD3648631ED5AFBB06AAB72C53EF,2.000,EA,20160124230000.0000000,00000000
5EF3FD3648631ED5AFBB06AAB74AF3EF,5EF3FD3648631ED5AFBB06AAB72C73EF,3.000,EA,20160124230000.0000000,00000000
5EF3FD3648631ED5AFBB06AAB74B13EF,5EF3FD3648631ED5AFBB06AAB72C93EF,1.000,EA,20160124230000.0000000,00000000
5EF3FD3648631ED5AFBB06AAB74B33EF,5EF3FD3648631ED5AFBB06AAB72CB3EF,2.000,EA,20160124230000.0000000,00000000
5EF3FD3648631ED5AFBB06AAB74B53EF,5EF3FD3648631ED5AFBB06AAB72CD3EF,2.000,EA,20160124230000.0000000,00000000
5EF3FD3648631ED5AFBB06AAB74B73EF,5EF3FD3648631ED5AFBB06AAB72CF3EF,1.000,EA,20160124230000.0000000,00000000
5EF3FD3648631ED5AFBB06AAB74B93EF,5EF3FD3648631ED5AFBB06AAB72D13EF,3.000,EA,20160124230000.0000000,00000000
5EF3FD3648631ED5AFBB06AAB74BB3EF,5EF3FD3648631ED5AFBB06AAB72D33EF,1.000,EA,20160124230000.0000000,00000000
5EF3FD3648631ED5AFBB06AAB74BD3EF,5EF3FD3648631ED5AFBB06AAB72D53EF,2.000,EA,20160124230000.0000000,00000000
5EF3FD3648631ED5AFBB06AAB74BF3EF,5EF3FD3648631ED5AFBB06AAB72D73EF,2.000,EA,20160124230000.0000000,00000000
5EF3FD3648631ED5AFBB06AAB74C13EF,5EF3FD3648631ED5AFBB06AAB72D93EF,2.000,EA,20160124230000.0000000,00000000
5EF3FD3648631ED5AFBB06AAB74C33EF,5EF3FD3648631ED5AFBB06AAB72DB3EF,3.000,EA,20160124230000.0000000,00000000
5EF3FD3648631ED5AFBB06AAB74C53EF,5EF3FD3648631ED5AFBB06AAB72DD3EF,1.000,EA,20160124230000.0000000,00000000
5EF3FD3648631ED5AFBB06AAB74C73EF,5EF3FD3648631ED5AFBB06AAB72DF3EF,2.000,EA,20160124230000.0000000,00000000
5EF3FD3648631ED5AFBB06AAB74C93EF,5EF3FD3648631ED5AFBB06AAB72E13EF,2.000,EA,20160124230000.0000000,00000000
5EF3FD3648631ED5AFBB06AAB74CB3EF,5EF3FD3648631ED5AFBB06AAB72E33EF,2.000,EA,20160124230000.0000000,00000000
5EF3FD3648631ED5AFBB06AAB74CD3EF,5EF3FD3648631ED5AFBB06AAB72E53EF,2.000,EA,20160124230000.0000000,00000000
5EF3FD3648631ED5AFBB06AAB74CF3EF,5EF3FD3648631ED5AFBB06AAB72E73EF,2.000,EA,20160124230000.0000000,00000000
5EF3FD3648631ED5AFBB06AAB74D13EF,5EF3FD3648631ED5AFBB06AAB72E93EF,2.000,EA,20160124230000.0000000,00000000
5EF3FD3648631ED5AFBB06AAB74D33EF,5EF3FD3648631ED5AFBB06AAB72EB3EF,3.000,EA,20160124230000.0000000,00000000
5EF3FD3648631ED5AFBB06AAB74D53EF,5EF3FD3648631ED5AFBB06AAB72ED3EF,2.000,EA,20160124230000.0000000,00000000
5EF3FD3648631ED5AFBB06AAB74D73EF,5EF3FD3648631ED5AFBB06AAB72EF3EF,2.000,EA,20160124230000.0000000,00000000
5EF3FD3648631ED5AFBB06AAB74D93EF,5EF3FD3648631ED5AFBB06AAB72F13EF,1.000,EA,20160124230000.0000000,00000000
5EF3FD3648631ED5AFBB06AAB74DB3EF,5EF3FD3648631ED5AFBB06AAB72F33EF,3.000,EA,20160124230000.0000000,00000000
5EF3FD3648631ED5AFBB06AAB74DD3EF,5EF3FD3648631ED5AFBB06AAB72F53EF,1.000,EA,20160124230000.0000000,00000000
5EF3FD3648631ED5AFBB06AAB74DF3EF,5EF3FD3648631ED5AFBB06AAB72F73EF,3.000,EA,20160124230000.0000000,00000000
5EF3FD3648631ED5AFBB06AAB74E13EF,5EF3FD3648631ED5AFBB06AAB72F93EF,3.000,EA,20160124230000.0000000,00000000
5EF3FD3648631ED5AFBB06AAB74E33EF,5EF3FD3648631ED5AFBB06AAB72FB3EF,1.000,EA,20160124230000.0000000,00000000
5EF3FD3648631ED5AFBB06AAB74E53EF,5EF3FD3648631ED5AFBB06AAB72FD3EF,2.000,EA,20160124230000.0000000,00000000
5EF3FD3648631ED5AFBB06AAB74E73EF,5EF3FD3648631ED5AFBB06AAB72FF3EF,2.000,EA,20160124230000.0000000,00000000
5EF3FD3648631ED5AFBB06AAB74E93EF,5EF3FD3648631ED5AFBB06AAB73013EF,2.000,EA,20160124230000.0000000,00000000
5EF3FD3648631ED5AFBB06AAB74EB3EF,5EF3FD3648631ED5AFBB06AAB73033EF,3.000,EA,20160124230000.0000000,00000000
5EF3FD3648631ED5AFBB06AAB74ED3EF,5EF3FD3648631ED5AFBB06AAB73053EF,2.000,EA,20160124230000.0000000,00000000
5EF3FD3648631ED5AFBB06AAB74EF3EF,5EF3FD3648631ED5AFBB06AAB73073EF,2.000,EA,20160124230000.0000000,00000000
5EF3FD3648631ED5AFBB06AAB74F13EF,5EF3FD3648631ED5AFBB06AAB73093EF,1.000,EA,20160124230000.0000000,00000000
5EF3FD3648631ED5AFBB06AAB74F33EF,5EF3FD3648631ED5AFBB06AAB730B3EF,2.000,EA,20160124230000.0000000,00000000
5EF3FD3648631ED5AFBB06AAB74F53EF,5EF3FD3648631ED5AFBB06AAB730D3EF,3.000,EA,20160124230000.0000000,00000000
5EF3FD3648631ED5AFBB06AAB74F73EF,5EF3FD3648631ED5AFBB06AAB730F3EF,1.000,EA,20160124230000.0000000,00000000
5EF3FD3648631ED5AFBB06AAB74F93EF,5EF3FD3648631ED5AFBB06AAB73113EF,3.000,EA,20160124230000.0000000,00000000
5EF3FD3648631ED5AFBB06AAB74FB3EF,5EF3FD3648631ED5AFBB06AAB73133EF,2.000,EA,20160124230000.0000000,00000000
5EF3FD3648631ED5AFBB06AAB74FD3EF,5EF3FD3648631ED5AFBB06AAB73153EF,2.000,EA,20160124230000.0000000,00000000
5EF3FD3648631ED5AFBB06AAB74FF3EF,5EF3FD3648631ED5AFBB06AAB73173EF,3.000,EA,20160124230000.0000000,00000000
5EF3FD3648631ED5AFBB06AAB75013EF,5EF3FD3648631ED5AFBB06AAB73193EF,2.000,EA,20160124230000.0000000,00000000
5EF3FD3648631ED5AFBB06AAB75033EF,5EF3FD3648631ED5AFBB06AAB731B3EF,2.000,EA,20160124230000.0000000,00000000
5EF3FD3648631ED5AFBB06AAB75053EF,5EF3FD3648631ED5AFBB06AAB731D3EF,1.000,EA,20160124230000.0000000,00000000
5EF3FD3648631ED5AFBB06AAB75073EF,5EF3FD3648631ED5AFBB06AAB731F3EF,2.000,EA,20160124230000.0000000,00000000
5EF3FD3648631ED5AFBB06AAB75093EF,5EF3FD3648631ED5AFBB06AAB73213EF,1.000,EA,20160124230000.0000000,00000000
5EF3FD3648631ED5AFBB06AAB750B3EF,5EF3FD3648631ED5AFBB06AAB73233EF,1.000,EA,20160124230000.0000000,00000000
5EF3FD3648631ED5AFBB06AAB750D3EF,5EF3FD3648631ED5AFBB06AAB73253EF,1.000,EA,20160124230000.0000000,00000000
5EF3FD3648631ED5AFBB06AAB750F3EF,5EF3FD3648631ED5AFBB06AAB73273EF,3.000,EA,20160124230000.0000000,00000000
5EF3FD3648631ED5AFBB06AAB75113EF,5EF3FD3648631ED5AFBB06AAB73293EF,3.000,EA,20160124230000.0000000,00000000
5EF3FD3648631ED5AFBB06AAB75133EF,5EF3FD3648631ED5AFBB06AAB732B3EF,2.000,EA,20160124230000.0000000,00000000
5EF3FD3648631ED5AFBB06AAB75153EF,5EF3FD3648631ED5AFBB06AAB732D3EF,1.000,EA,20160124230000.0000000,00000000
5EF3FD3648631ED5AFBB06AAB75173EF,5EF3FD3648631ED5AFBB06AAB732F3EF,3.000,EA,20160124230000.0000000,00000000
5EF3FD3648631ED5AFBB06AAB75193EF,5EF3FD3648631ED5AFBB06AAB73313EF,2.000,EA,20160124230000.0000000,00000000
5EF3FD3648631ED5AFBB06AAB751B3EF,5EF3FD3648631ED5AFBB06AAB73333EF,1.000,EA,20160124230000.0000000,00000000
5EF3FD3648631ED5AFBB06AAB751D3EF,5EF3FD3648631ED5AFBB06AAB73353EF,2.000,EA,20160124230000.0000000,00000000
5EF3FD3648631ED5AFBB06AAB751F3EF,5EF3FD3648631ED5AFBB06AAB73373EF,3.000,EA,20160124230000.0000000,00000000
5EF3FD3648631ED5AFBB06AAB75213EF,5EF3FD3648631ED5AFBB06AAB73393EF,2.000,EA,20160124230000.0000000,00000000
5EF3FD3648631ED5AFBB06AAB75233EF,5EF3FD3648631ED5AFBB06AAB733B3EF,2.000,EA,20160124230000.0000000,00000000
5EF3FD3648631ED5AFBB06AAB75253EF,5EF3FD3648631ED5AFBB06AAB733D3EF,1.000,EA,20160124230000.0000000,00000000
5EF3FD3648631ED5AFBB06AAB75273EF,5EF3FD3648631ED5AFBB06AAB733F3EF,2.000,EA,20160124230000.0000000,00000000
5EF3FD3648631ED5AFBB06AAB75293EF,5EF3FD3648631ED5AFBB06AAB73413EF,1.000,EA,20160124230000.0000000,00000000
5EF3FD3648631ED5AFBB06AAB752B3EF,5EF3FD3648631ED5AFBB06AAB73433EF,2.000,EA,20160124230000.0000000,00000000
5EF3FD3648631ED5AFBB06AAB752D3EF,5EF3FD3648631ED5AFBB06AAB73453EF,3.000,EA,20160124230000.0000000,00000000
5EF3FD3648631ED5AFBB06AAB752F3EF,5EF3FD3648631ED5AFBB06AAB73473EF,3.000,EA,20160124230000.0000000,00000000
5EF3FD3648631ED5AFBB06AAB75313EF,5EF3FD3648631ED5AFBB06AAB73493EF,1.000,EA,20160124230000.0000000,00000000
5EF3FD3648631ED5AFBB06AAB75333EF,5EF3FD3648631ED5AFBB06AAB734B3EF,2.000,EA,20160124230000.0000000,00000000
5EF3FD3648631ED5AFBB06AAB75353EF,5EF3FD3648631ED5AFBB06AAB734D3EF,3.000,EA,20160124230000.0000000,00000000
5EF3FD3648631ED5AFBB06AAB75373EF,5EF3FD3648631ED5AFBB06AAB734F3EF,1.000,EA,20160124230000.0000000,00000000
5EF3FD3648631ED5AFBB06AAB75393EF,5EF3FD3648631ED5AFBB06AAB73513EF,3.000,EA,20160124230000.0000000,00000000
5EF3FD3648631ED5AFBB06AAB753B3EF,5EF3FD3648631ED5AFBB06AAB73533EF,1.000,EA,20160124230000.0000000,00000000
5EF3FD3648631ED5AFBB06AAB753D3EF,5EF3FD3648631ED5AFBB06AAB73553EF,3.000,EA,20160124230000.0000000,00000000
5EF3FD3648631ED5AFBB06AAB753F3EF,5EF3FD3648631ED5AFBB06AAB73573EF,1.000,EA,20160124230000.0000000,00000000
5EF3FD3648631ED5AFBB2295479F1502,5EF3FD3648631ED5AFBB2295479EF502,1.000,EA,20160122230000.0000000,00000000
5EF3FD3648631ED5AFBB22CCF052F502,5EF3FD3648631ED5AFBB22CCF052D502,7.000,EA,20160122230000.0000000,00000000
5EF3FD3648631ED5AFBB22E787ED1502,5EF3FD3648631ED5AFBB22E787ECF502,1.000,EA,20160122230000.0000000,00000000
5EF3FD3648631ED5B0878EA0F5BB8D9D,5EF3FD3648631ED5B0878EA0F59D0D9D,1.000,EA,20160127230000.0000000,00000000
5EF3FD3648631ED5B0878EA0F5BBAD9D,5EF3FD3648631ED5B0878EA0F59D2D9D,2.000,EA,20160127230000.0000000,00000000
5EF3FD3648631ED5B0878EA0F5BBCD9D,5EF3FD3648631ED5B0878EA0F59D4D9D,2.000,EA,20160127230000.0000000,00000000
5EF3FD3648631ED5B0878EA0F5BBED9D,5EF3FD3648631ED5B0878EA0F59D6D9D,2.000,EA,20160127230000.0000000,00000000
5EF3FD3648631ED5B0878EA0F5BC0D9D,5EF3FD3648631ED5B0878EA0F59D8D9D,3.000,EA,20160127230000.0000000,00000000
5EF3FD3648631ED5B0878EA0F5BC2D9D,5EF3FD3648631ED5B0878EA0F59DAD9D,2.000,EA,20160127230000.0000000,00000000
5EF3FD3648631ED5B0878EA0F5BC4D9D,5EF3FD3648631ED5B0878EA0F59DCD9D,2.000,EA,20160127230000.0000000,00000000
5EF3FD3648631ED5B0878EA0F5BC6D9D,5EF3FD3648631ED5B0878EA0F59DED9D,2.000,EA,20160127230000.0000000,00000000
5EF3FD3648631ED5B0878EA0F5BC8D9D,5EF3FD3648631ED5B0878EA0F59E0D9D,3.000,EA,20160127230000.0000000,00000000
5EF3FD3648631ED5B0878EA0F5BCAD9D,5EF3FD3648631ED5B0878EA0F59E2D9D,3.000,EA,20160127230000.0000000,00000000
5EF3FD3648631ED5B0878EA0F5BCCD9D,5EF3FD3648631ED5B0878EA0F59E4D9D,2.000,EA,20160127230000.0000000,00000000
5EF3FD3648631ED5B0878EA0F5BCED9D,5EF3FD3648631ED5B0878EA0F59E6D9D,1.000,EA,20160127230000.0000000,00000000
5EF3FD3648631ED5B0878EA0F5BD0D9D,5EF3FD3648631ED5B0878EA0F59E8D9D,2.000,EA,20160127230000.0000000,00000000
5EF3FD3648631ED5B0878EA0F5BD2D9D,5EF3FD3648631ED5B0878EA0F59EAD9D,2.000,EA,20160127230000.0000000,00000000
5EF3FD3648631ED5B0878EA0F5BD4D9D,5EF3FD3648631ED5B0878EA0F59ECD9D,2.000,EA,20160127230000.0000000,00000000
5EF3FD3648631ED5B0878EA0F5BD6D9D,5EF3FD3648631ED5B0878EA0F59EED9D,2.000,EA,20160127230000.0000000,00000000
5EF3FD3648631ED5B0878EA0F5BD8D9D,5EF3FD3648631ED5B0878EA0F59F0D9D,3.000,EA,20160127230000.0000000,00000000
5EF3FD3648631ED5B0878EA0F5BDAD9D,5EF3FD3648631ED5B0878EA0F59F2D9D,3.000,EA,20160127230000.0000000,00000000
5EF3FD3648631ED5B0878EA0F5BDCD9D,5EF3FD3648631ED5B0878EA0F59F4D9D,2.000,EA,20160127230000.0000000,00000000
5EF3FD3648631ED5B0878EA0F5BDED9D,5EF3FD3648631ED5B0878EA0F59F6D9D,3.000,EA,20160127230000.0000000,00000000
5EF3FD3648631ED5B0878EA0F5BE0D9D,5EF3FD3648631ED5B0878EA0F59F8D9D,3.000,EA,20160127230000.0000000,00000000
5EF3FD3648631ED5B0878EA0F5BE2D9D,5EF3FD3648631ED5B0878EA0F59FAD9D,1.000,EA,20160127230000.0000000,00000000
5EF3FD3648631ED5B0878EA0F5BE4D9D,5EF3FD3648631ED5B0878EA0F59FCD9D,2.000,EA,20160127230000.0000000,00000000
5EF3FD3648631ED5B0878EA0F5BE6D9D,5EF3FD3648631ED5B0878EA0F59FED9D,2.000,EA,20160127230000.0000000,00000000
5EF3FD3648631ED5B0878EA0F5BE8D9D,5EF3FD3648631ED5B0878EA0F5A00D9D,1.000,EA,20160127230000.0000000,00000000
5EF3FD3648631ED5B0878EA0F5BEAD9D,5EF3FD3648631ED5B0878EA0F5A02D9D,2.000,EA,20160127230000.0000000,00000000
5EF3FD3648631ED5B0878EA2A8958D9D,5EF3FD3648631ED5B0878EA0F5A04D9D,1.000,EA,20160127230000.0000000,00000000
5EF3FD3648631ED5B0878EA2A895AD9D,5EF3FD3648631ED5B0878EA0F5A06D9D,2.000,EA,20160127230000.0000000,00000000
5EF3FD3648631ED5B0878EA2A895CD9D,5EF3FD3648631ED5B0878EA0F5A08D9D,3.000,EA,20160127230000.0000000,00000000
5EF3FD3648631ED5B0878EA2A895ED9D,5EF3FD3648631ED5B0878EA0F5A0AD9D,3.000,EA,20160127230000.0000000,00000000
5EF3FD3648631ED5B0878EA2A8960D9D,5EF3FD3648631ED5B0878EA0F5A0CD9D,3.000,EA,20160127230000.0000000,00000000
5EF3FD3648631ED5B0878EA2A8962D9D,5EF3FD3648631ED5B0878EA0F5A0ED9D,1.000,EA,20160127230000.0000000,00000000
5EF3FD3648631ED5B0878EA2A8964D9D,5EF3FD3648631ED5B0878EA0F5A10D9D,1.000,EA,20160127230000.0000000,00000000
5EF3FD3648631ED5B0878EA2A8966D9D,5EF3FD3648631ED5B0878EA0F5A12D9D,2.000,EA,20160127230000.0000000,00000000
5EF3FD3648631ED5B0878EA2A8968D9D,5EF3FD3648631ED5B0878EA0F5A14D9D,1.000,EA,20160127230000.0000000,00000000
5EF3FD3648631ED5B0878EA2A896AD9D,5EF3FD3648631ED5B0878EA0F5A16D9D,2.000,EA,20160127230000.0000000,00000000
5EF3FD3648631ED5B0878EA2A896CD9D,5EF3FD3648631ED5B0878EA0F5A18D9D,1.000,EA,20160127230000.0000000,00000000
5EF3FD3648631ED5B0878EA2A896ED9D,5EF3FD3648631ED5B0878EA0F5A1AD9D,3.000,EA,20160127230000.0000000,00000000
5EF3FD3648631ED5B0878EA2A8970D9D,5EF3FD3648631ED5B0878EA0F5A1CD9D,1.000,EA,20160127230000.0000000,00000000
5EF3FD3648631ED5B0878EA2A8972D9D,5EF3FD3648631ED5B0878EA0F5A1ED9D,2.000,EA,20160127230000.0000000,00000000
5EF3FD3648631ED5B0878EA2A8974D9D,5EF3FD3648631ED5B0878EA0F5A20D9D,2.000,EA,20160127230000.0000000,00000000
5EF3FD3648631ED5B0878EA2A8976D9D,5EF3FD3648631ED5B0878EA0F5A22D9D,3.000,EA,20160127230000.0000000,00000000
5EF3FD3648631ED5B0878EA2A8978D9D,5EF3FD3648631ED5B0878EA0F5A24D9D,2.000,EA,20160127230000.0000000,00000000
5EF3FD3648631ED5B0878EA2A897AD9D,5EF3FD3648631ED5B0878EA0F5A26D9D,2.000,EA,20160127230000.0000000,00000000
5EF3FD3648631ED5B0878EA2A897CD9D,5EF3FD3648631ED5B0878EA0F5A28D9D,3.000,EA,20160127230000.0000000,00000000
5EF3FD3648631ED5B0878EA2A897ED9D,5EF3FD3648631ED5B0878EA0F5A2AD9D,3.000,EA,20160127230000.0000000,00000000
5EF3FD3648631ED5B0878EA2A8980D9D,5EF3FD3648631ED5B0878EA0F5A2CD9D,1.000,EA,20160127230000.0000000,00000000
5EF3FD3648631ED5B0878EA2A8982D9D,5EF3FD3648631ED5B0878EA0F5A2ED9D,3.000,EA,20160127230000.0000000,00000000
5EF3FD3648631ED5B0878EA2A8984D9D,5EF3FD3648631ED5B0878EA0F5A30D9D,2.000,EA,20160127230000.0000000,00000000
5EF3FD3648631ED5B0878EA2A8986D9D,5EF3FD3648631ED5B0878EA0F5A32D9D,3.000,EA,20160127230000.0000000,00000000
5EF3FD3648631ED5B0878EA2A8988D9D,5EF3FD3648631ED5B0878EA0F5A34D9D,1.000,EA,20160127230000.0000000,00000000
5EF3FD3648631ED5B0878EA2A898AD9D,5EF3FD3648631ED5B0878EA0F5A36D9D,2.000,EA,20160127230000.0000000,00000000
5EF3FD3648631ED5B0878EA2A898CD9D,5EF3FD3648631ED5B0878EA0F5A38D9D,2.000,EA,20160127230000.0000000,00000000
5EF3FD3648631ED5B0878EA2A898ED9D,5EF3FD3648631ED5B0878EA0F5A3AD9D,1.000,EA,20160127230000.0000000,00000000
5EF3FD3648631ED5B0878EA2A8990D9D,5EF3FD3648631ED5B0878EA0F5A3CD9D,3.000,EA,20160127230000.0000000,00000000
5EF3FD3648631ED5B0878EA2A8992D9D,5EF3FD3648631ED5B0878EA0F5A3ED9D,1.000,EA,20160127230000.0000000,00000000
5EF3FD3648631ED5B0878EA2A8994D9D,5EF3FD3648631ED5B0878EA0F5A40D9D,2.000,EA,20160127230000.0000000,00000000
5EF3FD3648631ED5B0878EA2A8996D9D,5EF3FD3648631ED5B0878EA0F5A42D9D,2.000,EA,20160127230000.0000000,00000000
5EF3FD3648631ED5B0878EA2A8998D9D,5EF3FD3648631ED5B0878EA0F5A44D9D,2.000,EA,20160127230000.0000000,00000000
5EF3FD3648631ED5B0878EA2A899AD9D,5EF3FD3648631ED5B0878EA0F5A46D9D,3.000,EA,20160127230000.0000000,00000000
5EF3FD3648631ED5B0878EA2A899CD9D,5EF3FD3648631ED5B0878EA0F5A48D9D,1.000,EA,20160127230000.0000000,00000000
5EF3FD3648631ED5B0878EA2A899ED9D,5EF3FD3648631ED5B0878EA0F5A4AD9D,2.000,EA,20160127230000.0000000,00000000
5EF3FD3648631ED5B0878EA2A89A0D9D,5EF3FD3648631ED5B0878EA0F5A4CD9D,2.000,EA,20160127230000.0000000,00000000
5EF3FD3648631ED5B0878EA2A89A2D9D,5EF3FD3648631ED5B0878EA0F5A4ED9D,2.000,EA,20160127230000.0000000,00000000
5EF3FD3648631ED5B0878EA2A89A4D9D,5EF3FD3648631ED5B0878EA0F5A50D9D,2.000,EA,20160127230000.0000000,00000000
5EF3FD3648631ED5B0878EA2A89A6D9D,5EF3FD3648631ED5B0878EA0F5A52D9D,2.000,EA,20160127230000.0000000,00000000
5EF3FD3648631ED5B0878EA2A89A8D9D,5EF3FD3648631ED5B0878EA0F5A54D9D,2.000,EA,20160127230000.0000000,00000000
5EF3FD3648631ED5B0878EA2A89AAD9D,5EF3FD3648631ED5B0878EA0F5A56D9D,3.000,EA,20160127230000.0000000,00000000
5EF3FD3648631ED5B0878EA2A89ACD9D,5EF3FD3648631ED5B0878EA0F5A58D9D,2.000,EA,20160127230000.0000000,00000000
5EF3FD3648631ED5B0878EA2A89AED9D,5EF3FD3648631ED5B0878EA0F5A5AD9D,2.000,EA,20160127230000.0000000,00000000
5EF3FD3648631ED5B0878EA2A89B0D9D,5EF3FD3648631ED5B0878EA0F5A5CD9D,1.000,EA,20160127230000.0000000,00000000
5EF3FD3648631ED5B0878EA2A89B2D9D,5EF3FD3648631ED5B0878EA0F5A5ED9D,3.000,EA,20160127230000.0000000,00000000
5EF3FD3648631ED5B0878EA2A89B4D9D,5EF3FD3648631ED5B0878EA0F5A60D9D,1.000,EA,20160127230000.0000000,00000000
5EF3FD3648631ED5B0878EA2A89B6D9D,5EF3FD3648631ED5B0878EA0F5A62D9D,3.000,EA,20160127230000.0000000,00000000
5EF3FD3648631ED5B0878EA2A89B8D9D,5EF3FD3648631ED5B0878EA0F5A64D9D,3.000,EA,20160127230000.0000000,00000000
5EF3FD3648631ED5B0878EA2A89BAD9D,5EF3FD3648631ED5B0878EA0F5A66D9D,1.000,EA,20160127230000.0000000,00000000
5EF3FD3648631ED5B0878EA2A89BCD9D,5EF3FD3648631ED5B0878EA0F5A68D9D,2.000,EA,20160127230000.0000000,00000000
5EF3FD3648631ED5B0878EA2A89BED9D,5EF3FD3648631ED5B0878EA0F5A6AD9D,2.000,EA,20160127230000.0000000,00000000
5EF3FD3648631ED5B0878EA2A89C0D9D,5EF3FD3648631ED5B0878EA0F5A6CD9D,2.000,EA,20160127230000.0000000,00000000
5EF3FD3648631ED5B0878EA2A89C2D9D,5EF3FD3648631ED5B0878EA0F5A6ED9D,3.000,EA,20160127230000.0000000,00000000
5EF3FD3648631ED5B0878EA2A89C4D9D,5EF3FD3648631ED5B0878EA0F5A70D9D,2.000,EA,20160127230000.0000000,00000000
5EF3FD3648631ED5B0878EA2A89C6D9D,5EF3FD3648631ED5B0878EA0F5A72D9D,2.000,EA,20160127230000.0000000,00000000
5EF3FD3648631ED5B0878EA2A89C8D9D,5EF3FD3648631ED5B0878EA0F5A74D9D,1.000,EA,20160127230000.0000000,00000000
5EF3FD3648631ED5B0878EA2A89CAD9D,5EF3FD3648631ED5B0878EA0F5A76D9D,2.000,EA,20160127230000.0000000,00000000
5EF3FD3648631ED5B0878EA2A89CCD9D,5EF3FD3648631ED5B0878EA0F5A78D9D,3.000,EA,20160127230000.0000000,00000000
5EF3FD3648631ED5B0878EA2A89CED9D,5EF3FD3648631ED5B0878EA0F5A7AD9D,1.000,EA,20160127230000.0000000,00000000
5EF3FD3648631ED5B0878EA2A89D0D9D,5EF3FD3648631ED5B0878EA0F5A7CD9D,3.000,EA,20160127230000.0000000,00000000
5EF3FD3648631ED5B0878EA2A89D2D9D,5EF3FD3648631ED5B0878EA0F5A7ED9D,2.000,EA,20160127230000.0000000,00000000
5EF3FD3648631ED5B0878EA2A89D4D9D,5EF3FD3648631ED5B0878EA0F5A80D9D,2.000,EA,20160127230000.0000000,00000000
5EF3FD3648631ED5B0878EA2A89D6D9D,5EF3FD3648631ED5B0878EA0F5A82D9D,3.000,EA,20160127230000.0000000,00000000
5EF3FD3648631ED5B0878EA2A89D8D9D,5EF3FD3648631ED5B0878EA0F5A84D9D,2.000,EA,20160127230000.0000000,00000000
5EF3FD3648631ED5B0878EA2A89DAD9D,5EF3FD3648631ED5B0878EA0F5A86D9D,2.000,EA,20160127230000.0000000,00000000
5EF3FD3648631ED5B0878EA2A89DCD9D,5EF3FD3648631ED5B0878EA0F5A88D9D,1.000,EA,20160127230000.0000000,00000000
5EF3FD3648631ED5B0878EA2A89DED9D,5EF3FD3648631ED5B0878EA0F5A8AD9D,2.000,EA,20160127230000.0000000,00000000
5EF3FD3648631ED5B0878EA2A89E0D9D,5EF3FD3648631ED5B0878EA0F5A8CD9D,1.000,EA,20160127230000.0000000,00000000
5EF3FD3648631ED5B0878EA2A89E2D9D,5EF3FD3648631ED5B0878EA0F5A8ED9D,1.000,EA,20160127230000.0000000,00000000
5EF3FD3648631ED5B0878EA2A89E4D9D,5EF3FD3648631ED5B0878EA0F5A90D9D,1.000,EA,20160127230000.0000000,00000000
5EF3FD3648631ED5B0878EA2A89E6D9D,5EF3FD3648631ED5B0878EA0F5A92D9D,3.000,EA,20160127230000.0000000,00000000
5EF3FD3648631ED5B0878EA2A89E8D9D,5EF3FD3648631ED5B0878EA0F5A94D9D,3.000,EA,20160127230000.0000000,00000000
5EF3FD3648631ED5B0878EA2A89EAD9D,5EF3FD3648631ED5B0878EA0F5A96D9D,2.000,EA,20160127230000.0000000,00000000
5EF3FD3648631ED5B0878EA2A89ECD9D,5EF3FD3648631ED5B0878EA0F5A98D9D,1.000,EA,20160127230000.0000000,00000000
5EF3FD3648631ED5B0878EA2A89EED9D,5EF3FD3648631ED5B0878EA0F5A9AD9D,3.000,EA,20160127230000.0000000,00000000
5EF3FD3648631ED5B0878EA2A89F0D9D,5EF3FD3648631ED5B0878EA0F5A9CD9D,2.000,EA,20160127230000.0000000,00000000
5EF3FD3648631ED5B0878EA2A89F2D9D,5EF3FD3648631ED5B0878EA0F5A9ED9D,1.000,EA,20160127230000.0000000,00000000
5EF3FD3648631ED5B0878EA2A89F4D9D,5EF3FD3648631ED5B0878EA0F5AA0D9D,2.000,EA,20160127230000.0000000,00000000
5EF3FD3648631ED5B0878EA2A89F6D9D,5EF3FD3648631ED5B0878EA0F5AA2D9D,3.000,EA,20160127230000.0000000,00000000
5EF3FD3648631ED5B0878EA2A89F8D9D,5EF3FD3648631ED5B0878EA0F5AA4D9D,2.000,EA,20160127230000.0000000,00000000
5EF3FD3648631ED5B0878EA2A89FAD9D,5EF3FD3648631ED5B0878EA0F5AA6D9D,2.000,EA,20160127230000.0000000,00000000
5EF3FD3648631ED5B0878EA2A89FCD9D,5EF3FD3648631ED5B0878EA0F5AA8D9D,1.000,EA,20160127230000.0000000,00000000
5EF3FD3648631ED5B0878EA2A89FED9D,5EF3FD3648631ED5B0878EA0F5AAAD9D,2.000,EA,20160127230000.0000000,00000000
5EF3FD3648631ED5B0878EA2A8A00D9D,5EF3FD3648631ED5B0878EA0F5AACD9D,1.000,EA,20160127230000.0000000,00000000
5EF3FD3648631ED5B0878EA2A8A02D9D,5EF3FD3648631ED5B0878EA0F5AAED9D,2.000,EA,20160127230000.0000000,00000000
5EF3FD3648631ED5B0878EA2A8A04D9D,5EF3FD3648631ED5B0878EA0F5AB0D9D,3.000,EA,20160127230000.0000000,00000000
5EF3FD3648631ED5B0878EA2A8A06D9D,5EF3FD3648631ED5B0878EA0F5AB2D9D,3.000,EA,20160127230000.0000000,00000000
5EF3FD3648631ED5B0878EA2A8A08D9D,5EF3FD3648631ED5B0878EA0F5AB4D9D,1.000,EA,20160127230000.0000000,00000000
5EF3FD3648631ED5B0878EA2A8A0AD9D,5EF3FD3648631ED5B0878EA0F5AB6D9D,2.000,EA,20160127230000.0000000,00000000
5EF3FD3648631ED5B0878EA2A8A0CD9D,5EF3FD3648631ED5B0878EA0F5AB8D9D,3.000,EA,20160127230000.0000000,00000000
5EF3FD3648631ED5B0878EA2A8A0ED9D,5EF3FD3648631ED5B0878EA0F5ABAD9D,1.000,EA,20160127230000.0000000,00000000
5EF3FD3648631ED5B0878EA2A8A10D9D,5EF3FD3648631ED5B0878EA0F5ABCD9D,3.000,EA,20160127230000.0000000,00000000
5EF3FD3648631ED5B0878EA2A8A12D9D,5EF3FD3648631ED5B0878EA0F5ABED9D,1.000,EA,20160127230000.0000000,00000000
5EF3FD3648631ED5B0878EA2A8A14D9D,5EF3FD3648631ED5B0878EA0F5AC0D9D,3.000,EA,20160127230000.0000000,00000000
5EF3FD3648631ED5B0878EA2A8A16D9D,5EF3FD3648631ED5B0878EA0F5AC2D9D,1.000,EA,20160127230000.0000000,00000000
5EF3FD3648631EE5AFCD84C66485C113,5EF3FD3648631EE5AFCD84C647700113,1.000,EA,20100107230000.0000000,00000000
5EF3FD3648631EE5AFCD84C66485E113,5EF3FD3648631EE5AFCD84C647702113,2.000,EA,20100107230000.0000000,00000000
5EF3FD3648631EE5AFCD84C664860113,5EF3FD3648631EE5AFCD84C647704113,2.000,EA,20100107230000.0000000,00000000
5EF3FD3648631EE5AFCD84C664862113,5EF3FD3648631EE5AFCD84C647706113,2.000,EA,20100107230000.0000000,00000000
5EF3FD3648631EE5AFCD84C664864113,5EF3FD3648631EE5AFCD84C647708113,3.000,EA,20100107230000.0000000,00000000
5EF3FD3648631EE5AFCD84C664866113,5EF3FD3648631EE5AFCD84C64770A113,2.000,EA,20100107230000.0000000,00000000
5EF3FD3648631EE5AFCD84C664868113,5EF3FD3648631EE5AFCD84C64770C113,2.000,EA,20100107230000.0000000,00000000
5EF3FD3648631EE5AFCD84C66486A113,5EF3FD3648631EE5AFCD84C64770E113,2.000,EA,20100107230000.0000000,00000000
5EF3FD3648631EE5AFCD84C66486C113,5EF3FD3648631EE5AFCD84C647710113,3.000,EA,20100107230000.0000000,00000000
5EF3FD3648631EE5AFCD84C66486E113,5EF3FD3648631EE5AFCD84C647712113,3.000,EA,20100107230000.0000000,00000000
5EF3FD3648631EE5AFCD84C664870113,5EF3FD3648631EE5AFCD84C647714113,2.000,EA,20100108230000.0000000,00000000
5EF3FD3648631EE5AFCD84C664872113,5EF3FD3648631EE5AFCD84C647716113,1.000,EA,20100108230000.0000000,00000000
5EF3FD3648631EE5AFCD84C664874113,5EF3FD3648631EE5AFCD84C647718113,2.000,EA,20100108230000.0000000,00000000
5EF3FD3648631EE5AFCD84C664876113,5EF3FD3648631EE5AFCD84C64771A113,2.000,EA,20100108230000.0000000,00000000
5EF3FD3648631EE5AFCD84C664878113,5EF3FD3648631EE5AFCD84C64771C113,2.000,EA,20100108230000.0000000,00000000
5EF3FD3648631EE5AFCD84C66487A113,5EF3FD3648631EE5AFCD84C64771E113,2.000,EA,20100108230000.0000000,00000000
5EF3FD3648631EE5AFCD84C66487C113,5EF3FD3648631EE5AFCD84C647720113,3.000,EA,20100108230000.0000000,00000000
5EF3FD3648631EE5AFCD84C66487E113,5EF3FD3648631EE5AFCD84C647722113,3.000,EA,20100108230000.0000000,00000000
5EF3FD3648631EE5AFCD84C664880113,5EF3FD3648631EE5AFCD84C647724113,2.000,EA,20100108230000.0000000,00000000
5EF3FD3648631EE5AFCD84C664882113,5EF3FD3648631EE5AFCD84C647726113,3.000,EA,20100108230000.0000000,00000000
5EF3FD3648631EE5AFCD84C664884113,5EF3FD3648631EE5AFCD84C647728113,3.000,EA,20100109230000.0000000,00000000
5EF3FD3648631EE5AFCD84C664886113,5EF3FD3648631EE5AFCD84C64772A113,1.000,EA,20100109230000.0000000,00000000
5EF3FD3648631EE5AFCD84C664888113,5EF3FD3648631EE5AFCD84C64772C113,2.000,EA,20100109230000.0000000,00000000
5EF3FD3648631EE5AFCD84C66488A113,5EF3FD3648631EE5AFCD84C64772E113,2.000,EA,20100109230000.0000000,00000000
5EF3FD3648631EE5AFCD84C66488C113,5EF3FD3648631EE5AFCD84C647730113,1.000,EA,20100109230000.0000000,00000000
5EF3FD3648631EE5AFCD84C66488E113,5EF3FD3648631EE5AFCD84C647732113,2.000,EA,20100109230000.0000000,00000000
5EF3FD3648631EE5AFCD84C664890113,5EF3FD3648631EE5AFCD84C647734113,1.000,EA,20100109230000.0000000,00000000
5EF3FD3648631EE5AFCD84C664892113,5EF3FD3648631EE5AFCD84C647736113,2.000,EA,20100109230000.0000000,00000000
5EF3FD3648631EE5AFCD84C664894113,5EF3FD3648631EE5AFCD84C647738113,3.000,EA,20100110230000.0000000,00000000
5EF3FD3648631EE5AFCD84C664896113,5EF3FD3648631EE5AFCD84C64773A113,3.000,EA,20100110230000.0000000,00000000
5EF3FD3648631EE5AFCD84C664898113,5EF3FD3648631EE5AFCD84C64773C113,3.000,EA,20100110230000.0000000,00000000
5EF3FD3648631EE5AFCD84C66489A113,5EF3FD3648631EE5AFCD84C64773E113,1.000,EA,20100110230000.0000000,00000000
5EF3FD3648631EE5AFCD84C66489C113,5EF3FD3648631EE5AFCD84C647740113,1.000,EA,20100110230000.0000000,00000000
5EF3FD3648631EE5AFCD84C66489E113,5EF3FD3648631EE5AFCD84C647742113,2.000,EA,20100111230000.0000000,00000000
5EF3FD3648631EE5AFCD84C6648A0113,5EF3FD3648631EE5AFCD84C647744113,1.000,EA,20100111230000.0000000,00000000
5EF3FD3648631EE5AFCD84C6648A2113,5EF3FD3648631EE5AFCD84C647746113,2.000,EA,20100111230000.0000000,00000000
5EF3FD3648631EE5AFCD84C6648A4113,5EF3FD3648631EE5AFCD84C647748113,1.000,EA,20100111230000.0000000,00000000
5EF3FD3648631EE5AFCD84C6648A6113,5EF3FD3648631EE5AFCD84C64774A113,3.000,EA,20100111230000.0000000,00000000
5EF3FD3648631EE5AFCD84C6648A8113,5EF3FD3648631EE5AFCD84C64774C113,1.000,EA,20100112230000.0000000,00000000
5EF3FD3648631EE5AFCD84C6648AA113,5EF3FD3648631EE5AFCD84C64774E113,2.000,EA,20100112230000.0000000,00000000
5EF3FD3648631EE5AFCD84C6648AC113,5EF3FD3648631EE5AFCD84C647750113,2.000,EA,20100112230000.0000000,00000000
5EF3FD3648631EE5AFCD84C6648AE113,5EF3FD3648631EE5AFCD84C647752113,3.000,EA,20100112230000.0000000,00000000
5EF3FD3648631EE5AFCD84C6648B0113,5EF3FD3648631EE5AFCD84C647754113,2.000,EA,20100112230000.0000000,00000000
5EF3FD3648631EE5AFCD84C6648B2113,5EF3FD3648631EE5AFCD84C647756113,2.000,EA,20100112230000.0000000,00000000
5EF3FD3648631EE5AFCD84C6648B4113,5EF3FD3648631EE5AFCD84C647758113,3.000,EA,20100112230000.0000000,00000000
5EF3FD3648631EE5AFCD84C6648B6113,5EF3FD3648631EE5AFCD84C64775A113,3.000,EA,20100113230000.0000000,00000000
5EF3FD3648631EE5AFCD84C6648B8113,5EF3FD3648631EE5AFCD84C64775C113,1.000,EA,20100113230000.0000000,00000000
5EF3FD3648631EE5AFCD84C6648BA113,5EF3FD3648631EE5AFCD84C64775E113,3.000,EA,20100113230000.0000000,00000000
5EF3FD3648631EE5AFCD84C6648BC113,5EF3FD3648631EE5AFCD84C647760113,2.000,EA,20100114230000.0000000,00000000
5EF3FD3648631EE5AFCD84C6648BE113,5EF3FD3648631EE5AFCD84C647762113,3.000,EA,20100114230000.0000000,00000000
5EF3FD3648631EE5AFCD84C6648C0113,5EF3FD3648631EE5AFCD84C647764113,1.000,EA,20100114230000.0000000,00000000
5EF3FD3648631EE5AFCD84C6648C2113,5EF3FD3648631EE5AFCD84C647766113,2.000,EA,20100114230000.0000000,00000000
5EF3FD3648631EE5AFCD84C6648C4113,5EF3FD3648631EE5AFCD84C647768113,2.000,EA,20100114230000.0000000,00000000
5EF3FD3648631EE5AFCD84C6648C6113,5EF3FD3648631EE5AFCD84C64776A113,1.000,EA,20100114230000.0000000,00000000
5EF3FD3648631EE5AFCD84C6648C8113,5EF3FD3648631EE5AFCD84C64776C113,3.000,EA,20100114230000.0000000,00000000
5EF3FD3648631EE5AFCD84C6648CA113,5EF3FD3648631EE5AFCD84C64776E113,1.000,EA,20100114230000.0000000,00000000
5EF3FD3648631EE5AFCD84C6648CC113,5EF3FD3648631EE5AFCD84C647770113,2.000,EA,20100115230000.0000000,00000000
5EF3FD3648631EE5AFCD84C6648CE113,5EF3FD3648631EE5AFCD84C647772113,2.000,EA,20100115230000.0000000,00000000
5EF3FD3648631EE5AFCD84C6648D0113,5EF3FD3648631EE5AFCD84C647774113,2.000,EA,20100115230000.0000000,00000000
5EF3FD3648631EE5AFCD84C6648D2113,5EF3FD3648631EE5AFCD84C647776113,3.000,EA,20100115230000.0000000,00000000
5EF3FD3648631EE5AFCD84C6648D4113,5EF3FD3648631EE5AFCD84C647778113,1.000,EA,20100115230000.0000000,00000000
5EF3FD3648631EE5AFCD84C6648D6113,5EF3FD3648631EE5AFCD84C64777A113,2.000,EA,20100115230000.0000000,00000000
5EF3FD3648631EE5AFCD84C6648D8113,5EF3FD3648631EE5AFCD84C64777C113,2.000,EA,20100116230000.0000000,00000000
5EF3FD3648631EE5AFCD84C6648DA113,5EF3FD3648631EE5AFCD84C64777E113,2.000,EA,20100116230000.0000000,00000000
5EF3FD3648631EE5AFCD84C6648DC113,5EF3FD3648631EE5AFCD84C647780113,2.000,EA,20100116230000.0000000,00000000
5EF3FD3648631EE5AFCD84C6648DE113,5EF3FD3648631EE5AFCD84C647782113,2.000,EA,20100117230000.0000000,00000000
5EF3FD3648631EE5AFCD84C6648E0113,5EF3FD3648631EE5AFCD84C647784113,2.000,EA,20100117230000.0000000,00000000
5EF3FD3648631EE5AFCD84C6648E2113,5EF3FD3648631EE5AFCD84C647786113,3.000,EA,20100117230000.0000000,00000000
5EF3FD3648631EE5AFCD84C6648E4113,5EF3FD3648631EE5AFCD84C647788113,2.000,EA,20100117230000.0000000,00000000
5EF3FD3648631EE5AFCD84C6648E6113,5EF3FD3648631EE5AFCD84C64778A113,2.000,EA,20100117230000.0000000,00000000
5EF3FD3648631EE5AFCD84C6648E8113,5EF3FD3648631EE5AFCD84C64778C113,1.000,EA,20100117230000.0000000,00000000
5EF3FD3648631EE5AFCD84C6648EA113,5EF3FD3648631EE5AFCD84C64778E113,3.000,EA,20100117230000.0000000,00000000
5EF3FD3648631EE5AFCD84C6648EC113,5EF3FD3648631EE5AFCD84C647790113,1.000,EA,20100118230000.0000000,00000000
5EF3FD3648631EE5AFCD84C6648EE113,5EF3FD3648631EE5AFCD84C647792113,3.000,EA,20100118230000.0000000,00000000
5EF3FD3648631EE5AFCD84C6648F0113,5EF3FD3648631EE5AFCD84C647794113,3.000,EA,20100118230000.0000000,00000000
5EF3FD3648631EE5AFCD84C6648F2113,5EF3FD3648631EE5AFCD84C647796113,1.000,EA,20100118230000.0000000,00000000
5EF3FD3648631EE5AFCD84C6648F4113,5EF3FD3648631EE5AFCD84C647798113,2.000,EA,20100119230000.0000000,00000000
5EF3FD3648631EE5AFCD84C6648F6113,5EF3FD3648631EE5AFCD84C64779A113,2.000,EA,20100119230000.0000000,00000000
5EF3FD3648631EE5AFCD84C6648F8113,5EF3FD3648631EE5AFCD84C64779C113,2.000,EA,20100119230000.0000000,00000000
5EF3FD3648631EE5AFCD84C6648FA113,5EF3FD3648631EE5AFCD84C64779E113,3.000,EA,20100119230000.0000000,00000000
5EF3FD3648631EE5AFCD84C6648FC113,5EF3FD3648631EE5AFCD84C6477A0113,2.000,EA,20100119230000.0000000,00000000
5EF3FD3648631EE5AFCD84C6648FE113,5EF3FD3648631EE5AFCD84C6477A2113,2.000,EA,20100119230000.0000000,00000000
5EF3FD3648631EE5AFCD84C664900113,5EF3FD3648631EE5AFCD84C6477A4113,1.000,EA,20100119230000.0000000,00000000
5EF3FD3648631EE5AFCD84C664902113,5EF3FD3648631EE5AFCD84C6477A6113,2.000,EA,20100119230000.0000000,00000000
5EF3FD3648631EE5AFCD84C664904113,5EF3FD3648631EE5AFCD84C6477A8113,3.000,EA,20100119230000.0000000,00000000
5EF3FD3648631EE5AFCD84C664906113,5EF3FD3648631EE5AFCD84C6477AA113,1.000,EA,20100120230000.0000000,00000000
5EF3FD3648631EE5AFCD84C664908113,5EF3FD3648631EE5AFCD84C6477AC113,3.000,EA,20100120230000.0000000,00000000
5EF3FD3648631EE5AFCD84C66490A113,5EF3FD3648631EE5AFCD84C6477AE113,2.000,EA,20100120230000.0000000,00000000
5EF3FD3648631EE5AFCD84C66490C113,5EF3FD3648631EE5AFCD84C6477B0113,2.000,EA,20100120230000.0000000,00000000
5EF3FD3648631EE5AFCD84C66490E113,5EF3FD3648631EE5AFCD84C6477B2113,3.000,EA,20100120230000.0000000,00000000
5EF3FD3648631EE5AFCD84C664910113,5EF3FD3648631EE5AFCD84C6477B4113,2.000,EA,20100120230000.0000000,00000000
5EF3FD3648631EE5AFCD84C664912113,5EF3FD3648631EE5AFCD84C6477B6113,2.000,EA,20100120230000.0000000,00000000
5EF3FD3648631EE5AFCD84C664914113,5EF3FD3648631EE5AFCD84C6477B8113,1.000,EA,20100121230000.0000000,00000000
5EF3FD3648631EE5AFCD84C664916113,5EF3FD3648631EE5AFCD84C6477BA113,2.000,EA,20100121230000.0000000,00000000
5EF3FD3648631EE5AFCD84C664918113,5EF3FD3648631EE5AFCD84C6477BC113,1.000,EA,20100121230000.0000000,00000000
5EF3FD3648631EE5AFCD84C66491A113,5EF3FD3648631EE5AFCD84C6477BE113,1.000,EA,20100121230000.0000000,00000000
5EF3FD3648631EE5AFCD84C66491C113,5EF3FD3648631EE5AFCD84C6477C0113,1.000,EA,20100121230000.0000000,00000000
5EF3FD3648631EE5AFCD84C66491E113,5EF3FD3648631EE5AFCD84C6477C2113,3.000,EA,20100121230000.0000000,00000000
5EF3FD3648631EE5AFCD84C664920113,5EF3FD3648631EE5AFCD84C6477C4113,3.000,EA,20100122230000.0000000,00000000
5EF3FD3648631EE5AFCD84C664922113,5EF3FD3648631EE5AFCD84C6477C6113,2.000,EA,20100122230000.0000000,00000000
5EF3FD3648631EE5AFCD84C664924113,5EF3FD3648631EE5AFCD84C6477C8113,1.000,EA,20100122230000.0000000,00000000
5EF3FD3648631EE5AFCD84C664926113,5EF3FD3648631EE5AFCD84C6477CA113,3.000,EA,20100122230000.0000000,00000000
5EF3FD3648631EE5AFCD84C664928113,5EF3FD3648631EE5AFCD84C6477CC113,2.000,EA,20100122230000.0000000,00000000
5EF3FD3648631EE5AFCD84C66492A113,5EF3FD3648631EE5AFCD84C6477CE113,1.000,EA,20100122230000.0000000,00000000
5EF3FD3648631EE5AFCD84C66492C113,5EF3FD3648631EE5AFCD84C6477D0113,2.000,EA,20100122230000.0000000,00000000
5EF3FD3648631EE5AFCD84C66492E113,5EF3FD3648631EE5AFCD84C6477D2113,3.000,EA,20100122230000.0000000,00000000
5EF3FD3648631EE5AFCD84C664930113,5EF3FD3648631EE5AFCD84C6477D4113,2.000,EA,20100122230000.0000000,00000000
5EF3FD3648631EE5AFCD84C664932113,5EF3FD3648631EE5AFCD84C6477D6113,2.000,EA,20100123230000.0000000,00000000
5EF3FD3648631EE5AFCD84C664934113,5EF3FD3648631EE5AFCD84C6477D8113,1.000,EA,20100123230000.0000000,00000000
5EF3FD3648631EE5AFCD84C664936113,5EF3FD3648631EE5AFCD84C6477DA113,2.000,EA,20100123230000.0000000,00000000
5EF3FD3648631EE5AFCD84C664938113,5EF3FD3648631EE5AFCD84C6477DC113,1.000,EA,20100124230000.0000000,00000000
5EF3FD3648631EE5AFCD84C66493A113,5EF3FD3648631EE5AFCD84C6477DE113,2.000,EA,20100124230000.0000000,00000000
5EF3FD3648631EE5AFCD84C66493C113,5EF3FD3648631EE5AFCD84C6477E0113,3.000,EA,20100125230000.0000000,00000000
5EF3FD3648631EE5AFCD84C66493E113,5EF3FD3648631EE5AFCD84C6477E2113,3.000,EA,20100125230000.0000000,00000000
5EF3FD3648631EE5AFCD84C664940113,5EF3FD3648631EE5AFCD84C6477E4113,1.000,EA,20100125230000.0000000,00000000
5EF3FD3648631EE5AFCD84C664942113,5EF3FD3648631EE5AFCD84C6477E6113,2.000,EA,20100125230000.0000000,00000000
5EF3FD3648631EE5AFCD84C664944113,5EF3FD3648631EE5AFCD84C6477E8113,3.000,EA,20100126230000.0000000,00000000
5EF3FD3648631EE5AFCD84C664946113,5EF3FD3648631EE5AFCD84C6477EA113,1.000,EA,20100126230000.0000000,00000000
5EF3FD3648631EE5AFCD84C664948113,5EF3FD3648631EE5AFCD84C6477EC113,3.000,EA,20100126230000.0000000,00000000
5EF3FD3648631EE5AFCD84C66494A113,5EF3FD3648631EE5AFCD84C6477EE113,1.000,EA,20100126230000.0000000,00000000
5EF3FD3648631EE5AFCD84C66494C113,5EF3FD3648631EE5AFCD84C6477F0113,3.000,EA,20100126230000.0000000,00000000
5EF3FD3648631EE5AFCD84C66494E113,5EF3FD3648631EE5AFCD84C6477F2113,1.000,EA,20100126230000.0000000,00000000
5EF3FD3648631EE5AFCD84C664950113,5EF3FD3648631EE5AFCD84C6477F4113,2.000,EA,20100127230000.0000000,00000000
5EF3FD3648631EE5AFCD84C664952113,5EF3FD3648631EE5AFCD84C6477F6113,2.000,EA,20100127230000.0000000,00000000
5EF3FD3648631EE5AFCD84C664954113,5EF3FD3648631EE5AFCD84C6477F8113,2.000,EA,20100127230000.0000000,00000000
5EF3FD3648631EE5AFCD84C664956113,5EF3FD3648631EE5AFCD84C6477FA113,2.000,EA,20100127230000.0000000,00000000
5EF3FD3648631EE5AFCD84C664958113,5EF3FD3648631EE5AFCD84C6477FC113,1.000,EA,20100127230000.0000000,00000000
5EF3FD3648631EE5AFCD84C66495A113,5EF3FD3648631EE5AFCD84C6477FE113,1.000,EA,20100127230000.0000000,00000000
5EF3FD3648631EE5AFCD84C66495C113,5EF3FD3648631EE5AFCD84C647800113,2.000,EA,20100127230000.0000000,00000000
5EF3FD3648631EE5AFCD84C66495E113,5EF3FD3648631EE5AFCD84C647802113,3.000,EA,20100127230000.0000000,00000000
5EF3FD3648631EE5AFCD84C664960113,5EF3FD3648631EE5AFCD84C647804113,2.000,EA,20100127230000.0000000,00000000
5EF3FD3648631EE5AFCD84C664962113,5EF3FD3648631EE5AFCD84C647806113,2.000,EA,20100128230000.0000000,00000000
5EF3FD3648631EE5AFCD84C664964113,5EF3FD3648631EE5AFCD84C647808113,1.000,EA,20100128230000.0000000,00000000
5EF3FD3648631EE5AFCD84C664966113,5EF3FD3648631EE5AFCD84C64780A113,2.000,EA,20100128230000.0000000,00000000
5EF3FD3648631EE5AFCD84C664968113,5EF3FD3648631EE5AFCD84C64780C113,3.000,EA,20100129230000.0000000,00000000
5EF3FD3648631EE5AFCD84C66496A113,5EF3FD3648631EE5AFCD84C64780E113,3.000,EA,20100129230000.0000000,00000000
5EF3FD3648631EE5AFCD84C66496C113,5EF3FD3648631EE5AFCD84C647810113,3.000,EA,20100130230000.0000000,00000000
5EF3FD3648631EE5AFCD84C66496E113,5EF3FD3648631EE5AFCD84C647812113,3.000,EA,20100130230000.0000000,00000000
5EF3FD3648631EE5AFCD84C664970113,5EF3FD3648631EE5AFCD84C647814113,1.000,EA,20100130230000.0000000,00000000
5EF3FD3648631EE5AFCD84C664972113,5EF3FD3648631EE5AFCD84C647816113,2.000,EA,20100130230000.0000000,00000000
5EF3FD3648631EE5AFCD84C664974113,5EF3FD3648631EE5AFCD84C647818113,3.000,EA,20100131230000.0000000,00000000
5EF3FD3648631EE5AFCD84C664976113,5EF3FD3648631EE5AFCD84C64781A113,3.000,EA,20100131230000.0000000,00000000
5EF3FD3648631EE5AFCD84C664978113,5EF3FD3648631EE5AFCD84C64781C113,3.000,EA,20100131230000.0000000,00000000
5EF3FD3648631EE5AFCD84C66497A113,5EF3FD3648631EE5AFCD84C64781E113,3.000,EA,20100131230000.0000000,00000000
5EF3FD3648631EE5AFCD84C66497C113,5EF3FD3648631EE5AFCD84C647820113,2.000,EA,20100131230000.0000000,00000000
5EF3FD3648631EE5AFCD84C66497E113,5EF3FD3648631EE5AFCD84C647822113,1.000,EA,20100131230000.0000000,00000000
5EF3FD3648631EE5AFCD84C664980113,5EF3FD3648631EE5AFCD84C647824113,2.000,EA,20100131230000.0000000,00000000
5EF3FD3648631EE5AFCD84C664982113,5EF3FD3648631EE5AFCD84C647826113,1.000,EA,20100201230000.0000000,00000000
5EF3FD3648631EE5AFCD84C664984113,5EF3FD3648631EE5AFCD84C647828113,2.000,EA,20100201230000.0000000,00000000
5EF3FD3648631EE5AFCD84C664986113,5EF3FD3648631EE5AFCD84C64782A113,2.000,EA,20100201230000.0000000,00000000
5EF3FD3648631EE5AFCD84C664988113,5EF3FD3648631EE5AFCD84C64782C113,2.000,EA,20100201230000.0000000,00000000
5EF3FD3648631EE5AFCD84C66498A113,5EF3FD3648631EE5AFCD84C64782E113,3.000,EA,20100201230000.0000000,00000000
5EF3FD3648631EE5AFCD84C66498C113,5EF3FD3648631EE5AFCD84C647830113,2.000,EA,20100201230000.0000000,00000000
5EF3FD3648631EE5AFCD84C66498E113,5EF3FD3648631EE5AFCD84C647832113,2.000,EA,20100201230000.0000000,00000000
5EF3FD3648631EE5AFCD84C664990113,5EF3FD3648631EE5AFCD84C647834113,2.000,EA,20100201230000.0000000,00000000
5EF3FD3648631EE5AFCD84C664992113,5EF3FD3648631EE5AFCD84C647836113,3.000,EA,20100201230000.0000000,00000000
5EF3FD3648631EE5AFCD84C664994113,5EF3FD3648631EE5AFCD84C647838113,3.000,EA,20100201230000.0000000,00000000
5EF3FD3648631EE5AFCD84C664996113,5EF3FD3648631EE5AFCD84C64783A113,2.000,EA,20100202230000.0000000,00000000
5EF3FD3648631EE5AFCD84C664998113,5EF3FD3648631EE5AFCD84C64783C113,1.000,EA,20100202230000.0000000,00000000
5EF3FD3648631EE5AFCD84C66499A113,5EF3FD3648631EE5AFCD84C64783E113,2.000,EA,20100202230000.0000000,00000000
5EF3FD3648631EE5AFCD84C66499C113,5EF3FD3648631EE5AFCD84C647840113,2.000,EA,20100202230000.0000000,00000000
5EF3FD3648631EE5AFCD84C66499E113,5EF3FD3648631EE5AFCD84C647842113,2.000,EA,20100202230000.0000000,00000000
5EF3FD3648631EE5AFCD84C6649A0113,5EF3FD3648631EE5AFCD84C647844113,2.000,EA,20100202230000.0000000,00000000
5EF3FD3648631EE5AFCD84C6649A2113,5EF3FD3648631EE5AFCD84C647846113,3.000,EA,20100202230000.0000000,00000000
5EF3FD3648631EE5AFCD84C6649A4113,5EF3FD3648631EE5AFCD84C647848113,3.000,EA,20100202230000.0000000,00000000
5EF3FD3648631EE5AFCD84C6649A6113,5EF3FD3648631EE5AFCD84C64784A113,2.000,EA,20100202230000.0000000,00000000
5EF3FD3648631EE5AFCD84C6649A8113,5EF3FD3648631EE5AFCD84C64784C113,3.000,EA,20100202230000.0000000,00000000
5EF3FD3648631EE5AFCD84C6649AA113,5EF3FD3648631EE5AFCD84C64784E113,3.000,EA,20100203230000.0000000,00000000
5EF3FD3648631EE5AFCD84C6649AC113,5EF3FD3648631EE5AFCD84C647850113,1.000,EA,20100203230000.0000000,00000000
5EF3FD3648631EE5AFCD84C6649AE113,5EF3FD3648631EE5AFCD84C647852113,2.000,EA,20100203230000.0000000,00000000
5EF3FD3648631EE5AFCD84C6649B0113,5EF3FD3648631EE5AFCD84C647854113,2.000,EA,20100203230000.0000000,00000000
5EF3FD3648631EE5AFCD84C6649B2113,5EF3FD3648631EE5AFCD84C647856113,1.000,EA,20100203230000.0000000,00000000
5EF3FD3648631EE5AFCD84C6649B4113,5EF3FD3648631EE5AFCD84C647858113,2.000,EA,20100203230000.0000000,00000000
5EF3FD3648631EE5AFCD84C6649B6113,5EF3FD3648631EE5AFCD84C64785A113,1.000,EA,20100203230000.0000000,00000000
5EF3FD3648631EE5AFCD84C6649B8113,5EF3FD3648631EE5AFCD84C64785C113,2.000,EA,20100203230000.0000000,00000000
5EF3FD3648631EE5AFCD84C6649BA113,5EF3FD3648631EE5AFCD84C64785E113,3.000,EA,20100204230000.0000000,00000000
5EF3FD3648631EE5AFCD84C6649BC113,5EF3FD3648631EE5AFCD84C647860113,3.000,EA,20100204230000.0000000,00000000
5EF3FD3648631EE5AFCD84C6649BE113,5EF3FD3648631EE5AFCD84C647862113,3.000,EA,20100204230000.0000000,00000000
5EF3FD3648631EE5AFCD84C6649C0113,5EF3FD3648631EE5AFCD84C647864113,1.000,EA,20100204230000.0000000,00000000
5EF3FD3648631EE5AFCD84C6649C2113,5EF3FD3648631EE5AFCD84C647866113,1.000,EA,20100204230000.0000000,00000000
5EF3FD3648631EE5AFCD84C6649C4113,5EF3FD3648631EE5AFCD84C647868113,2.000,EA,20100205230000.0000000,00000000
5EF3FD3648631EE5AFCD84C6649C6113,5EF3FD3648631EE5AFCD84C64786A113,1.000,EA,20100205230000.0000000,00000000
5EF3FD3648631EE5AFCD84C6649C8113,5EF3FD3648631EE5AFCD84C64786C113,2.000,EA,20100205230000.0000000,00000000
5EF3FD3648631EE5AFCD84C6649CA113,5EF3FD3648631EE5AFCD84C64786E113,1.000,EA,20100205230000.0000000,00000000
5EF3FD3648631EE5AFCD84C6649CC113,5EF3FD3648631EE5AFCD84C647870113,3.000,EA,20100205230000.0000000,00000000
5EF3FD3648631EE5AFCD84C6649CE113,5EF3FD3648631EE5AFCD84C647872113,1.000,EA,20100206230000.0000000,00000000
5EF3FD3648631EE5AFCD84C6649D0113,5EF3FD3648631EE5AFCD84C647874113,2.000,EA,20100206230000.0000000,00000000
5EF3FD3648631EE5AFCD84C6649D2113,5EF3FD3648631EE5AFCD84C647876113,2.000,EA,20100206230000.0000000,00000000
5EF3FD3648631EE5AFCD84C6649D4113,5EF3FD3648631EE5AFCD84C647878113,3.000,EA,20100206230000.0000000,00000000
5EF3FD3648631EE5AFCD84C6649D6113,5EF3FD3648631EE5AFCD84C64787A113,2.000,EA,20100206230000.0000000,00000000
5EF3FD3648631EE5AFCD84C6649D8113,5EF3FD3648631EE5AFCD84C64787C113,2.000,EA,20100206230000.0000000,00000000
5EF3FD3648631EE5AFCD84C6649DA113,5EF3FD3648631EE5AFCD84C64787E113,3.000,EA,20100206230000.0000000,00000000
5EF3FD3648631EE5AFCD84C6649DC113,5EF3FD3648631EE5AFCD84C647880113,3.000,EA,20100207230000.0000000,00000000
5EF3FD3648631EE5AFCD84C6649DE113,5EF3FD3648631EE5AFCD84C647882113,1.000,EA,20100207230000.0000000,00000000
5EF3FD3648631EE5AFCD84C6649E0113,5EF3FD3648631EE5AFCD84C647884113,3.000,EA,20100207230000.0000000,00000000
5EF3FD3648631EE5AFCD84C6649E2113,5EF3FD3648631EE5AFCD84C647886113,2.000,EA,20100208230000.0000000,00000000
5EF3FD3648631EE5AFCD84C6649E4113,5EF3FD3648631EE5AFCD84C647888113,3.000,EA,20100208230000.0000000,00000000
5EF3FD3648631EE5AFCD84C6649E6113,5EF3FD3648631EE5AFCD84C64788A113,1.000,EA,20100208230000.0000000,00000000
5EF3FD3648631EE5AFCD84C6649E8113,5EF3FD3648631EE5AFCD84C64788C113,2.000,EA,20100208230000.0000000,00000000
5EF3FD3648631EE5AFCD84C6649EA113,5EF3FD3648631EE5AFCD84C64788E113,2.000,EA,20100208230000.0000000,00000000
5EF3FD3648631EE5AFCD84C6649EC113,5EF3FD3648631EE5AFCD84C647890113,1.000,EA,20100208230000.0000000,00000000
5EF3FD3648631EE5AFCD84C6649EE113,5EF3FD3648631EE5AFCD84C647892113,3.000,EA,20100208230000.0000000,00000000
5EF3FD3648631EE5AFCD84C6649F0113,5EF3FD3648631EE5AFCD84C647894113,1.000,EA,20100208230000.0000000,00000000
5EF3FD3648631EE5AFCD84C6649F2113,5EF3FD3648631EE5AFCD84C647896113,2.000,EA,20100209230000.0000000,00000000
5EF3FD3648631EE5AFCD84C6649F4113,5EF3FD3648631EE5AFCD84C647898113,2.000,EA,20100209230000.0000000,00000000
5EF3FD3648631EE5AFCD84C6649F6113,5EF3FD3648631EE5AFCD84C64789A113,2.000,EA,20100209230000.0000000,00000000
5EF3FD3648631EE5AFCD84C6649F8113,5EF3FD3648631EE5AFCD84C64789C113,3.000,EA,20100209230000.0000000,00000000
5EF3FD3648631EE5AFCD84C6649FA113,5EF3FD3648631EE5AFCD84C64789E113,1.000,EA,20100209230000.0000000,00000000
5EF3FD3648631EE5AFCD84C6649FC113,5EF3FD3648631EE5AFCD84C6478A0113,2.000,EA,20100209230000.0000000,00000000
5EF3FD3648631EE5AFCD84C6649FE113,5EF3FD3648631EE5AFCD84C6478A2113,2.000,EA,20100210230000.0000000,00000000
5EF3FD3648631EE5AFCD84C664A00113,5EF3FD3648631EE5AFCD84C6478A4113,2.000,EA,20100210230000.0000000,00000000
5EF3FD3648631EE5AFCD84C664A02113,5EF3FD3648631EE5AFCD84C6478A6113,2.000,EA,20100210230000.0000000,00000000
5EF3FD3648631EE5AFCD84C664A04113,5EF3FD3648631EE5AFCD84C6478A8113,2.000,EA,20100211230000.0000000,00000000
5EF3FD3648631EE5AFCD84C664A06113,5EF3FD3648631EE5AFCD84C6478AA113,2.000,EA,20100211230000.0000000,00000000
5EF3FD3648631EE5AFCD84C664A08113,5EF3FD3648631EE5AFCD84C6478AC113,3.000,EA,20100211230000.0000000,00000000
5EF3FD3648631EE5AFCD84C664A0A113,5EF3FD3648631EE5AFCD84C6478AE113,2.000,EA,20100211230000.0000000,00000000
5EF3FD3648631EE5AFCD84C664A0C113,5EF3FD3648631EE5AFCD84C6478B0113,2.000,EA,20100211230000.0000000,00000000
5EF3FD3648631EE5AFCD84C664A0E113,5EF3FD3648631EE5AFCD84C6478B2113,1.000,EA,20100211230000.0000000,00000000
5EF3FD3648631EE5AFCD84C664A10113,5EF3FD3648631EE5AFCD84C6478B4113,3.000,EA,20100211230000.0000000,00000000
5EF3FD3648631EE5AFCD84C664A12113,5EF3FD3648631EE5AFCD84C6478B6113,1.000,EA,20100212230000.0000000,00000000
5EF3FD3648631EE5AFCD84C664A14113,5EF3FD3648631EE5AFCD84C6478B8113,3.000,EA,20100212230000.0000000,00000000
5EF3FD3648631EE5AFCD84C664A16113,5EF3FD3648631EE5AFCD84C6478BA113,3.000,EA,20100212230000.0000000,00000000
5EF3FD3648631EE5AFCD84C664A18113,5EF3FD3648631EE5AFCD84C6478BC113,1.000,EA,20100212230000.0000000,00000000
5EF3FD3648631EE5AFCD84C664A1A113,5EF3FD3648631EE5AFCD84C6478BE113,2.000,EA,20100213230000.0000000,00000000
5EF3FD3648631EE5AFCD84C664A1C113,5EF3FD3648631EE5AFCD84C6478C0113,2.000,EA,20100213230000.0000000,00000000
5EF3FD3648631EE5AFCD84C664A1E113,5EF3FD3648631EE5AFCD84C6478C2113,2.000,EA,20100213230000.0000000,00000000
5EF3FD3648631EE5AFCD84C664A20113,5EF3FD3648631EE5AFCD84C6478C4113,3.000,EA,20100213230000.0000000,00000000
5EF3FD3648631EE5AFCD84C664A22113,5EF3FD3648631EE5AFCD84C6478C6113,2.000,EA,20100213230000.0000000,00000000
5EF3FD3648631EE5AFCD84C664A24113,5EF3FD3648631EE5AFCD84C6478C8113,2.000,EA,20100213230000.0000000,00000000
5EF3FD3648631EE5AFCD84C664A26113,5EF3FD3648631EE5AFCD84C6478CA113,1.000,EA,20100213230000.0000000,00000000
5EF3FD3648631EE5AFCD84C664A28113,5EF3FD3648631EE5AFCD84C6478CC113,2.000,EA,20100213230000.0000000,00000000
5EF3FD3648631EE5AFCD84C664A2A113,5EF3FD3648631EE5AFCD84C6478CE113,3.000,EA,20100213230000.0000000,00000000
5EF3FD3648631EE5AFCD84C664A2C113,5EF3FD3648631EE5AFCD84C6478D0113,1.000,EA,20100214230000.0000000,00000000
5EF3FD3648631EE5AFCD84C664A2E113,5EF3FD3648631EE5AFCD84C6478D2113,3.000,EA,20100214230000.0000000,00000000
5EF3FD3648631EE5AFCD84C664A30113,5EF3FD3648631EE5AFCD84C6478D4113,2.000,EA,20100214230000.0000000,00000000
5EF3FD3648631EE5AFCD84C664A32113,5EF3FD3648631EE5AFCD84C6478D6113,2.000,EA,20100214230000.0000000,00000000
5EF3FD3648631EE5AFCD84C664A34113,5EF3FD3648631EE5AFCD84C6478D8113,3.000,EA,20100214230000.0000000,00000000
5EF3FD3648631EE5AFCD84C664A36113,5EF3FD3648631EE5AFCD84C6478DA113,2.000,EA,20100214230000.0000000,00000000
5EF3FD3648631EE5AFCD84C664A38113,5EF3FD3648631EE5AFCD84C6478DC113,2.000,EA,20100214230000.0000000,00000000
5EF3FD3648631EE5AFCD84C664A3A113,5EF3FD3648631EE5AFCD84C6478DE113,1.000,EA,20100215230000.0000000,00000000
5EF3FD3648631EE5AFCD84C664A3C113,5EF3FD3648631EE5AFCD84C6478E0113,2.000,EA,20100215230000.0000000,00000000
5EF3FD3648631EE5AFCD84C664A3E113,5EF3FD3648631EE5AFCD84C6478E2113,1.000,EA,20100215230000.0000000,00000000
5EF3FD3648631EE5AFCD84C664A40113,5EF3FD3648631EE5AFCD84C6478E4113,1.000,EA,20100215230000.0000000,00000000
5EF3FD3648631EE5AFCD84C664A42113,5EF3FD3648631EE5AFCD84C6478E6113,1.000,EA,20100215230000.0000000,00000000
5EF3FD3648631EE5AFCD84C664A44113,5EF3FD3648631EE5AFCD84C6478E8113,3.000,EA,20100215230000.0000000,00000000
5EF3FD3648631EE5AFCD84C664A46113,5EF3FD3648631EE5AFCD84C6478EA113,3.000,EA,20100216230000.0000000,00000000
5EF3FD3648631EE5AFCD84C664A48113,5EF3FD3648631EE5AFCD84C6478EC113,2.000,EA,20100216230000.0000000,00000000
5EF3FD3648631EE5AFCD84C664A4A113,5EF3FD3648631EE5AFCD84C6478EE113,1.000,EA,20100216230000.0000000,00000000
5EF3FD3648631EE5AFCD84C664A4C113,5EF3FD3648631EE5AFCD84C6478F0113,3.000,EA,20100216230000.0000000,00000000
5EF3FD3648631EE5AFCD84C664A4E113,5EF3FD3648631EE5AFCD84C6478F2113,2.000,EA,20100216230000.0000000,00000000
5EF3FD3648631EE5AFCD84C664A50113,5EF3FD3648631EE5AFCD84C6478F4113,1.000,EA,20100216230000.0000000,00000000
5EF3FD3648631EE5AFCD84C664A52113,5EF3FD3648631EE5AFCD84C6478F6113,2.000,EA,20100216230000.0000000,00000000
5EF3FD3648631EE5AFCD84C664A54113,5EF3FD3648631EE5AFCD84C6478F8113,3.000,EA,20100216230000.0000000,00000000
5EF3FD3648631EE5AFCD84C664A56113,5EF3FD3648631EE5AFCD84C6478FA113,2.000,EA,20100216230000.0000000,00000000
5EF3FD3648631EE5AFCD84C664A58113,5EF3FD3648631EE5AFCD84C6478FC113,2.000,EA,20100217230000.0000000,00000000
5EF3FD3648631EE5AFCD84C664A5A113,5EF3FD3648631EE5AFCD84C6478FE113,1.000,EA,20100217230000.0000000,00000000
5EF3FD3648631EE5AFCD84C664A5C113,5EF3FD3648631EE5AFCD84C647900113,2.000,EA,20100217230000.0000000,00000000
5EF3FD3648631EE5AFCD84C664A5E113,5EF3FD3648631EE5AFCD84C647902113,1.000,EA,20100218230000.0000000,00000000
5EF3FD3648631EE5AFCD84C664A60113,5EF3FD3648631EE5AFCD84C647904113,2.000,EA,20100218230000.0000000,00000000
5EF3FD3648631EE5AFCD84C664A62113,5EF3FD3648631EE5AFCD84C647906113,3.000,EA,20100219230000.0000000,00000000
5EF3FD3648631EE5AFCD84C664A64113,5EF3FD3648631EE5AFCD84C647908113,3.000,EA,20100219230000.0000000,00000000
5EF3FD3648631EE5AFCD84C664A66113,5EF3FD3648631EE5AFCD84C64790A113,1.000,EA,20100219230000.0000000,00000000
5EF3FD3648631EE5AFCD84C664A68113,5EF3FD3648631EE5AFCD84C64790C113,2.000,EA,20100219230000.0000000,00000000
5EF3FD3648631EE5AFCD84C664A6A113,5EF3FD3648631EE5AFCD84C64790E113,3.000,EA,20100220230000.0000000,00000000
5EF3FD3648631EE5AFCD84C664A6C113,5EF3FD3648631EE5AFCD84C647910113,1.000,EA,20100220230000.0000000,00000000
5EF3FD3648631EE5AFCD84C664A6E113,5EF3FD3648631EE5AFCD84C647912113,3.000,EA,20100220230000.0000000,00000000
5EF3FD3648631EE5AFCD84C664A70113,5EF3FD3648631EE5AFCD84C647914113,3.000,EA,20100220230000.0000000,00000000
5EF3FD3648631EE5AFCD84C664A72113,5EF3FD3648631EE5AFCD84C647916113,1.000,EA,20100220230000.0000000,00000000
5EF3FD3648631EE5AFCD84C664A74113,5EF3FD3648631EE5AFCD84C647918113,2.000,EA,20100221230000.0000000,00000000
5EF3FD3648631EE5AFCD84C664A76113,5EF3FD3648631EE5AFCD84C64791A113,2.000,EA,20100221230000.0000000,00000000
5EF3FD3648631EE5AFCD84C664A78113,5EF3FD3648631EE5AFCD84C64791C113,2.000,EA,20100221230000.0000000,00000000
5EF3FD3648631EE5AFCD84C664A7A113,5EF3FD3648631EE5AFCD84C64791E113,2.000,EA,20100221230000.0000000,00000000
5EF3FD3648631EE5AFCD84C664A7C113,5EF3FD3648631EE5AFCD84C647920113,1.000,EA,20100221230000.0000000,00000000
5EF3FD3648631EE5AFCD84C664A7E113,5EF3FD3648631EE5AFCD84C647922113,1.000,EA,20100221230000.0000000,00000000
5EF3FD3648631EE5AFCD84C664A80113,5EF3FD3648631EE5AFCD84C647924113,2.000,EA,20100221230000.0000000,00000000
5EF3FD3648631EE5AFCD84C664A82113,5EF3FD3648631EE5AFCD84C647926113,3.000,EA,20100221230000.0000000,00000000
5EF3FD3648631EE5AFCD84C664A84113,5EF3FD3648631EE5AFCD84C647928113,2.000,EA,20100221230000.0000000,00000000
5EF3FD3648631EE5AFCD84C664A86113,5EF3FD3648631EE5AFCD84C64792A113,2.000,EA,20100222230000.0000000,00000000
5EF3FD3648631EE5AFCD84C664A88113,5EF3FD3648631EE5AFCD84C64792C113,1.000,EA,20100222230000.0000000,00000000
5EF3FD3648631EE5AFCD84C664A8A113,5EF3FD3648631EE5AFCD84C64792E113,2.000,EA,20100222230000.0000000,00000000
5EF3FD3648631EE5AFCD84C664A8C113,5EF3FD3648631EE5AFCD84C647930113,3.000,EA,20100223230000.0000000,00000000
5EF3FD3648631EE5AFCD84C664A8E113,5EF3FD3648631EE5AFCD84C647932113,3.000,EA,20100223230000.0000000,00000000
5EF3FD3648631EE5AFCD84C664A90113,5EF3FD3648631EE5AFCD84C647934113,3.000,EA,20100224230000.0000000,00000000
5EF3FD3648631EE5AFCD84C664A92113,5EF3FD3648631EE5AFCD84C647936113,3.000,EA,20100224230000.0000000,00000000
5EF3FD3648631EE5AFCD84C664A94113,5EF3FD3648631EE5AFCD84C647938113,1.000,EA,20100224230000.0000000,00000000
5EF3FD3648631EE5AFCD84C664A96113,5EF3FD3648631EE5AFCD84C64793A113,2.000,EA,20100224230000.0000000,00000000
5EF3FD3648631EE5AFCD84C664A98113,5EF3FD3648631EE5AFCD84C64793C113,3.000,EA,20100225230000.0000000,00000000
5EF3FD3648631EE5AFCD84C664A9A113,5EF3FD3648631EE5AFCD84C64793E113,3.000,EA,20100225230000.0000000,00000000
5EF3FD3648631EE5AFCD84C664A9C113,5EF3FD3648631EE5AFCD84C647940113,3.000,EA,20100225230000.0000000,00000000
5EF3FD3648631EE5AFCD84C664A9E113,5EF3FD3648631EE5AFCD84C647942113,3.000,EA,20100225230000.0000000,00000000
5EF3FD3648631EE5AFCD84C664AA0113,5EF3FD3648631EE5AFCD84C647944113,1.000,EA,20100225230000.0000000,00000000
5EF3FD3648631EE5AFCD84C664AA2113,5EF3FD3648631EE5AFCD84C647946113,2.000,EA,20100225230000.0000000,00000000
5EF3FD3648631EE5AFCD84C664AA4113,5EF3FD3648631EE5AFCD84C647948113,1.000,EA,20100225230000.0000000,00000000
5EF3FD3648631EE5AFCD84C664AA6113,5EF3FD3648631EE5AFCD84C64794A113,2.000,EA,20100225230000.0000000,00000000
5EF3FD3648631EE5AFCD84C664AA8113,5EF3FD3648631EE5AFCD84C64794C113,1.000,EA,20100226230000.0000000,00000000
5EF3FD3648631EE5AFCD84C664AAA113,5EF3FD3648631EE5AFCD84C64794E113,2.000,EA,20100226230000.0000000,00000000
5EF3FD3648631EE5AFCD84C664AAC113,5EF3FD3648631EE5AFCD84C647950113,2.000,EA,20100226230000.0000000,00000000
5EF3FD3648631EE5AFCD84C664AAE113,5EF3FD3648631EE5AFCD84C647952113,2.000,EA,20100226230000.0000000,00000000
5EF3FD3648631EE5AFCD84C664AB0113,5EF3FD3648631EE5AFCD84C647954113,3.000,EA,20100226230000.0000000,00000000
5EF3FD3648631EE5AFCD84C664AB2113,5EF3FD3648631EE5AFCD84C647956113,2.000,EA,20100226230000.0000000,00000000
5EF3FD3648631EE5AFCD84C664AB4113,5EF3FD3648631EE5AFCD84C647958113,2.000,EA,20100226230000.0000000,00000000
5EF3FD3648631EE5AFCD84C664AB6113,5EF3FD3648631EE5AFCD84C64795A113,2.000,EA,20100226230000.0000000,00000000
5EF3FD3648631EE5AFCD84C664AB8113,5EF3FD3648631EE5AFCD84C64795C113,3.000,EA,20100226230000.0000000,00000000
5EF3FD3648631EE5AFCD84C664ABA113,5EF3FD3648631EE5AFCD84C64795E113,3.000,EA,20100226230000.0000000,00000000
5EF3FD3648631EE5AFCD84C664ABC113,5EF3FD3648631EE5AFCD84C647960113,2.000,EA,20100227230000.0000000,00000000
5EF3FD3648631EE5AFCD84C664ABE113,5EF3FD3648631EE5AFCD84C647962113,1.000,EA,20100227230000.0000000,00000000
5EF3FD3648631EE5AFCD84C664AC0113,5EF3FD3648631EE5AFCD84C647964113,2.000,EA,20100227230000.0000000,00000000
5EF3FD3648631EE5AFCD84C664AC2113,5EF3FD3648631EE5AFCD84C647966113,2.000,EA,20100227230000.0000000,00000000
5EF3FD3648631EE5AFCD84C664AC4113,5EF3FD3648631EE5AFCD84C647968113,2.000,EA,20100227230000.0000000,00000000
5EF3FD3648631EE5AFCD84C664AC6113,5EF3FD3648631EE5AFCD84C64796A113,2.000,EA,20100227230000.0000000,00000000
5EF3FD3648631EE5AFCD84C664AC8113,5EF3FD3648631EE5AFCD84C64796C113,3.000,EA,20100227230000.0000000,00000000
5EF3FD3648631EE5AFCD84C664ACA113,5EF3FD3648631EE5AFCD84C64796E113,3.000,EA,20100227230000.0000000,00000000
5EF3FD3648631EE5AFCD84C664ACC113,5EF3FD3648631EE5AFCD84C647970113,2.000,EA,20100227230000.0000000,00000000
5EF3FD3648631EE5AFCD84C664ACE113,5EF3FD3648631EE5AFCD84C647972113,3.000,EA,20100227230000.0000000,00000000
5EF3FD3648631EE5AFCD84C664AD0113,5EF3FD3648631EE5AFCD84C647974113,3.000,EA,20100228230000.0000000,00000000
5EF3FD3648631EE5AFCD84C664AD2113,5EF3FD3648631EE5AFCD84C647976113,1.000,EA,20100228230000.0000000,00000000
5EF3FD3648631EE5AFCD84C664AD4113,5EF3FD3648631EE5AFCD84C647978113,2.000,EA,20100228230000.0000000,00000000
5EF3FD3648631EE5AFCD84C664AD6113,5EF3FD3648631EE5AFCD84C64797A113,2.000,EA,20100228230000.0000000,00000000
5EF3FD3648631EE5AFCD84C664AD8113,5EF3FD3648631EE5AFCD84C64797C113,1.000,EA,20100228230000.0000000,00000000
5EF3FD3648631EE5AFCD84C664ADA113,5EF3FD3648631EE5AFCD84C64797E113,2.000,EA,20100228230000.0000000,00000000
5EF3FD3648631EE5AFCD84C664ADC113,5EF3FD3648631EE5AFCD84C647980113,1.000,EA,20100228230000.0000000,00000000
5EF3FD3648631EE5AFCD84C664ADE113,5EF3FD3648631EE5AFCD84C647982113,2.000,EA,20100228230000.0000000,00000000
5EF3FD3648631EE5AFCD84C664AE0113,5EF3FD3648631EE5AFCD84C647984113,3.000,EA,20100301230000.0000000,00000000
5EF3FD3648631EE5AFCD84C664AE2113,5EF3FD3648631EE5AFCD84C647986113,3.000,EA,20100301230000.0000000,00000000
5EF3FD3648631EE5AFCD84C664AE4113,5EF3FD3648631EE5AFCD84C647988113,3.000,EA,20100301230000.0000000,00000000
5EF3FD3648631EE5AFCD84C664AE6113,5EF3FD3648631EE5AFCD84C64798A113,1.000,EA,20100301230000.0000000,00000000
5EF3FD3648631EE5AFCD84C664AE8113,5EF3FD3648631EE5AFCD84C64798C113,1.000,EA,20100301230000.0000000,00000000
5EF3FD3648631EE5AFCD84C664AEA113,5EF3FD3648631EE5AFCD84C64798E113,2.000,EA,20100302230000.0000000,00000000
5EF3FD3648631EE5AFCD84C664AEC113,5EF3FD3648631EE5AFCD84C647990113,1.000,EA,20100302230000.0000000,00000000
5EF3FD3648631EE5AFCD84C664AEE113,5EF3FD3648631EE5AFCD84C647992113,2.000,EA,20100302230000.0000000,00000000
5EF3FD3648631EE5AFCD84C664AF0113,5EF3FD3648631EE5AFCD84C647994113,1.000,EA,20100302230000.0000000,00000000
5EF3FD3648631EE5AFCD84C664AF2113,5EF3FD3648631EE5AFCD84C647996113,3.000,EA,20100302230000.0000000,00000000
5EF3FD3648631EE5AFCD84C664AF4113,5EF3FD3648631EE5AFCD84C647998113,1.000,EA,20100303230000.0000000,00000000
5EF3FD3648631EE5AFCD84C664AF6113,5EF3FD3648631EE5AFCD84C64799A113,2.000,EA,20100303230000.0000000,00000000
5EF3FD3648631EE5AFCD84C664AF8113,5EF3FD3648631EE5AFCD84C64799C113,2.000,EA,20100303230000.0000000,00000000
5EF3FD3648631EE5AFCD84C664AFA113,5EF3FD3648631EE5AFCD84C64799E113,3.000,EA,20100303230000.0000000,00000000
5EF3FD3648631EE5AFCD84C664AFC113,5EF3FD3648631EE5AFCD84C6479A0113,2.000,EA,20100303230000.0000000,00000000
5EF3FD3648631EE5AFCD84C664AFE113,5EF3FD3648631EE5AFCD84C6479A2113,2.000,EA,20100303230000.0000000,00000000
5EF3FD3648631EE5AFCD84C664B00113,5EF3FD3648631EE5AFCD84C6479A4113,3.000,EA,20100303230000.0000000,00000000
5EF3FD3648631EE5AFCD84C664B02113,5EF3FD3648631EE5AFCD84C6479A6113,3.000,EA,20100304230000.0000000,00000000
5EF3FD3648631EE5AFCD84C664B04113,5EF3FD3648631EE5AFCD84C6479A8113,1.000,EA,20100304230000.0000000,00000000
5EF3FD3648631EE5AFCD84C664B06113,5EF3FD3648631EE5AFCD84C6479AA113,3.000,EA,20100304230000.0000000,00000000
5EF3FD3648631EE5AFCD84C664B08113,5EF3FD3648631EE5AFCD84C6479AC113,2.000,EA,20100305230000.0000000,00000000
5EF3FD3648631EE5AFCD84C664B0A113,5EF3FD3648631EE5AFCD84C6479AE113,3.000,EA,20100305230000.0000000,00000000
5EF3FD3648631EE5AFCD84C664B0C113,5EF3FD3648631EE5AFCD84C6479B0113,1.000,EA,20100305230000.0000000,00000000
5EF3FD3648631EE5AFCD84C664B0E113,5EF3FD3648631EE5AFCD84C6479B2113,2.000,EA,20100305230000.0000000,00000000
5EF3FD3648631EE5AFCD84C664B10113,5EF3FD3648631EE5AFCD84C6479B4113,2.000,EA,20100305230000.0000000,00000000
5EF3FD3648631EE5AFCD84C664B12113,5EF3FD3648631EE5AFCD84C6479B6113,1.000,EA,20100305230000.0000000,00000000
5EF3FD3648631EE5AFCD84C664B14113,5EF3FD3648631EE5AFCD84C6479B8113,3.000,EA,20100305230000.0000000,00000000
5EF3FD3648631EE5AFCD84C664B16113,5EF3FD3648631EE5AFCD84C6479BA113,1.000,EA,20100305230000.0000000,00000000
5EF3FD3648631EE5AFCD84C664B18113,5EF3FD3648631EE5AFCD84C6479BC113,2.000,EA,20100306230000.0000000,00000000
5EF3FD3648631EE5AFCD84C664B1A113,5EF3FD3648631EE5AFCD84C6479BE113,2.000,EA,20100306230000.0000000,00000000
5EF3FD3648631EE5AFCD84C664B1C113,5EF3FD3648631EE5AFCD84C6479C0113,2.000,EA,20100306230000.0000000,00000000
5EF3FD3648631EE5AFCD84C664B1E113,5EF3FD3648631EE5AFCD84C6479C2113,3.000,EA,20100306230000.0000000,00000000
5EF3FD3648631EE5AFCD84C664B20113,5EF3FD3648631EE5AFCD84C6479C4113,1.000,EA,20100306230000.0000000,00000000
5EF3FD3648631EE5AFCD84C664B22113,5EF3FD3648631EE5AFCD84C6479C6113,2.000,EA,20100306230000.0000000,00000000
5EF3FD3648631EE5AFCD84C664B24113,5EF3FD3648631EE5AFCD84C6479C8113,2.000,EA,20100307230000.0000000,00000000
5EF3FD3648631EE5AFCD84C664B26113,5EF3FD3648631EE5AFCD84C6479CA113,2.000,EA,20100307230000.0000000,00000000
5EF3FD3648631EE5AFCD84C664B28113,5EF3FD3648631EE5AFCD84C6479CC113,2.000,EA,20100307230000.0000000,00000000
5EF3FD3648631EE5AFCD84C664B2A113,5EF3FD3648631EE5AFCD84C6479CE113,2.000,EA,20100308230000.0000000,00000000
5EF3FD3648631EE5AFCD84C664B2C113,5EF3FD3648631EE5AFCD84C6479D0113,2.000,EA,20100308230000.0000000,00000000
5EF3FD3648631EE5AFCD84C664B2E113,5EF3FD3648631EE5AFCD84C6479D2113,3.000,EA,20100308230000.0000000,00000000
5EF3FD3648631EE5AFCD84C664B30113,5EF3FD3648631EE5AFCD84C6479D4113,2.000,EA,20100308230000.0000000,00000000
5EF3FD3648631EE5AFCD84C664B32113,5EF3FD3648631EE5AFCD84C6479D6113,2.000,EA,20100308230000.0000000,00000000
5EF3FD3648631EE5AFCD84C664B34113,5EF3FD3648631EE5AFCD84C6479D8113,1.000,EA,20100308230000.0000000,00000000
5EF3FD3648631EE5AFCD84C664B36113,5EF3FD3648631EE5AFCD84C6479DA113,3.000,EA,20100308230000.0000000,00000000
5EF3FD3648631EE5AFCD84C664B38113,5EF3FD3648631EE5AFCD84C6479DC113,1.000,EA,20100309230000.0000000,00000000
5EF3FD3648631EE5AFCD84C664B3A113,5EF3FD3648631EE5AFCD84C6479DE113,3.000,EA,20100309230000.0000000,00000000
5EF3FD3648631EE5AFCD84C664B3C113,5EF3FD3648631EE5AFCD84C6479E0113,3.000,EA,20100309230000.0000000,00000000
5EF3FD3648631EE5AFCD84C664B3E113,5EF3FD3648631EE5AFCD84C6479E2113,1.000,EA,20100309230000.0000000,00000000
5EF3FD3648631EE5AFCD84C664B40113,5EF3FD3648631EE5AFCD84C6479E4113,2.000,EA,20100310230000.0000000,00000000
5EF3FD3648631EE5AFCD84C664B42113,5EF3FD3648631EE5AFCD84C6479E6113,2.000,EA,20100310230000.0000000,00000000
5EF3FD3648631EE5AFCD84C664B44113,5EF3FD3648631EE5AFCD84C6479E8113,2.000,EA,20100310230000.0000000,00000000
5EF3FD3648631EE5AFCD84C664B46113,5EF3FD3648631EE5AFCD84C6479EA113,3.000,EA,20100310230000.0000000,00000000
5EF3FD3648631EE5AFCD84C664B48113,5EF3FD3648631EE5AFCD84C6479EC113,2.000,EA,20100310230000.0000000,00000000
5EF3FD3648631EE5AFCD84C664B4A113,5EF3FD3648631EE5AFCD84C6479EE113,2.000,EA,20100310230000.0000000,00000000
5EF3FD3648631EE5AFCD84C664B4C113,5EF3FD3648631EE5AFCD84C6479F0113,1.000,EA,20100310230000.0000000,00000000
5EF3FD3648631EE5AFCD84C664B4E113,5EF3FD3648631EE5AFCD84C6479F2113,2.000,EA,20100310230000.0000000,00000000
5EF3FD3648631EE5AFCD84C664B50113,5EF3FD3648631EE5AFCD84C6479F4113,3.000,EA,20100310230000.0000000,00000000
5EF3FD3648631EE5AFCD84C664B52113,5EF3FD3648631EE5AFCD84C6479F6113,1.000,EA,20100311230000.0000000,00000000
5EF3FD3648631EE5AFCD84C664B54113,5EF3FD3648631EE5AFCD84C6479F8113,3.000,EA,20100311230000.0000000,00000000
5EF3FD3648631EE5AFCD84C664B56113,5EF3FD3648631EE5AFCD84C6479FA113,2.000,EA,20100311230000.0000000,00000000
5EF3FD3648631EE5AFCD84C664B58113,5EF3FD3648631EE5AFCD84C6479FC113,2.000,EA,20100311230000.0000000,00000000
5EF3FD3648631EE5AFCD84C664B5A113,5EF3FD3648631EE5AFCD84C6479FE113,3.000,EA,20100311230000.0000000,00000000
5EF3FD3648631EE5AFCD84C664B5C113,5EF3FD3648631EE5AFCD84C647A00113,2.000,EA,20100311230000.0000000,00000000
5EF3FD3648631EE5AFCD84C664B5E113,5EF3FD3648631EE5AFCD84C647A02113,2.000,EA,20100311230000.0000000,00000000
5EF3FD3648631EE5AFCD84C664B60113,5EF3FD3648631EE5AFCD84C647A04113,1.000,EA,20100312230000.0000000,00000000
5EF3FD3648631EE5AFCD84C664B62113,5EF3FD3648631EE5AFCD84C647A06113,2.000,EA,20100312230000.0000000,00000000
5EF3FD3648631EE5AFCD84C664B64113,5EF3FD3648631EE5AFCD84C647A08113,1.000,EA,20100312230000.0000000,00000000
5EF3FD3648631EE5AFCD84C664B66113,5EF3FD3648631EE5AFCD84C647A0A113,1.000,EA,20100312230000.0000000,00000000
5EF3FD3648631EE5AFCD84C664B68113,5EF3FD3648631EE5AFCD84C647A0C113,1.000,EA,20100312230000.0000000,00000000
5EF3FD3648631EE5AFCD84C664B6A113,5EF3FD3648631EE5AFCD84C647A0E113,3.000,EA,20100312230000.0000000,00000000
5EF3FD3648631EE5AFCD84C664B6C113,5EF3FD3648631EE5AFCD84C647A10113,3.000,EA,20100313230000.0000000,00000000
5EF3FD3648631EE5AFCD84C664B6E113,5EF3FD3648631EE5AFCD84C647A12113,2.000,EA,20100313230000.0000000,00000000
5EF3FD3648631EE5AFCD84C664B70113,5EF3FD3648631EE5AFCD84C647A14113,1.000,EA,20100313230000.0000000,00000000
5EF3FD3648631EE5AFCD84C664B72113,5EF3FD3648631EE5AFCD84C647A16113,3.000,EA,20100313230000.0000000,00000000
5EF3FD3648631EE5AFCD84C664B74113,5EF3FD3648631EE5AFCD84C647A18113,2.000,EA,20100313230000.0000000,00000000
5EF3FD3648631EE5AFCD84C664B76113,5EF3FD3648631EE5AFCD84C647A1A113,1.000,EA,20100313230000.0000000,00000000
5EF3FD3648631EE5AFCD84C664B78113,5EF3FD3648631EE5AFCD84C647A1C113,2.000,EA,20100313230000.0000000,00000000
5EF3FD3648631EE5AFCD84C664B7A113,5EF3FD3648631EE5AFCD84C647A1E113,3.000,EA,20100313230000.0000000,00000000
5EF3FD3648631EE5AFCD84C664B7C113,5EF3FD3648631EE5AFCD84C647A20113,2.000,EA,20100313230000.0000000,00000000
5EF3FD3648631EE5AFCD84C664B7E113,5EF3FD3648631EE5AFCD84C647A22113,2.000,EA,20100314230000.0000000,00000000
5EF3FD3648631EE5AFCD84C664B80113,5EF3FD3648631EE5AFCD84C647A24113,1.000,EA,20100314230000.0000000,00000000
5EF3FD3648631EE5AFCD84C664B82113,5EF3FD3648631EE5AFCD84C647A26113,2.000,EA,20100314230000.0000000,00000000
5EF3FD3648631EE5AFCD84C664B84113,5EF3FD3648631EE5AFCD84C647A28113,1.000,EA,20100315230000.0000000,00000000
5EF3FD3648631EE5AFCD84C664B86113,5EF3FD3648631EE5AFCD84C647A2A113,2.000,EA,20100315230000.0000000,00000000
5EF3FD3648631EE5AFCD84C664B88113,5EF3FD3648631EE5AFCD84C647A2C113,3.000,EA,20100316230000.0000000,00000000
5EF3FD3648631EE5AFCD84C664B8A113,5EF3FD3648631EE5AFCD84C647A2E113,3.000,EA,20100316230000.0000000,00000000
5EF3FD3648631EE5AFCD84C664B8C113,5EF3FD3648631EE5AFCD84C647A30113,1.000,EA,20100316230000.0000000,00000000
5EF3FD3648631EE5AFCD84C664B8E113,5EF3FD3648631EE5AFCD84C647A32113,2.000,EA,20100316230000.0000000,00000000
5EF3FD3648631EE5AFCD84C664B90113,5EF3FD3648631EE5AFCD84C647A34113,3.000,EA,20100317230000.0000000,00000000
5EF3FD3648631EE5AFCD84C664B92113,5EF3FD3648631EE5AFCD84C647A36113,1.000,EA,20100317230000.0000000,00000000
5EF3FD3648631EE5AFCD84C664B94113,5EF3FD3648631EE5AFCD84C647A38113,3.000,EA,20100317230000.0000000,00000000
5EF3FD3648631EE5AFCD84C664B96113,5EF3FD3648631EE5AFCD84C647A3A113,1.000,EA,20100317230000.0000000,00000000
5EF3FD3648631EE5AFCD84C664B98113,5EF3FD3648631EE5AFCD84C647A3C113,3.000,EA,20100317230000.0000000,00000000
5EF3FD3648631EE5AFCD84C664B9A113,5EF3FD3648631EE5AFCD84C647A3E113,1.000,EA,20100317230000.0000000,00000000
5EF3FD3648631EE5AFCD84C664B9C113,5EF3FD3648631EE5AFCD84C647A40113,2.000,EA,20100318230000.0000000,00000000
5EF3FD3648631EE5AFCD84C664B9E113,5EF3FD3648631EE5AFCD84C647A42113,2.000,EA,20100318230000.0000000,00000000
5EF3FD3648631EE5AFCD84C664BA0113,5EF3FD3648631EE5AFCD84C647A44113,2.000,EA,20100318230000.0000000,00000000
5EF3FD3648631EE5AFCD84C664BA2113,5EF3FD3648631EE5AFCD84C647A46113,2.000,EA,20100318230000.0000000,00000000
5EF3FD3648631EE5AFCD84C664BA4113,5EF3FD3648631EE5AFCD84C647A48113,1.000,EA,20100318230000.0000000,00000000
5EF3FD3648631EE5AFCD84C664BA6113,5EF3FD3648631EE5AFCD84C647A4A113,1.000,EA,20100318230000.0000000,00000000
5EF3FD3648631EE5AFCD84C664BA8113,5EF3FD3648631EE5AFCD84C647A4C113,2.000,EA,20100318230000.0000000,00000000
5EF3FD3648631EE5AFCD84C664BAA113,5EF3FD3648631EE5AFCD84C647A4E113,3.000,EA,20100318230000.0000000,00000000
5EF3FD3648631EE5AFCD84C664BAC113,5EF3FD3648631EE5AFCD84C647A50113,2.000,EA,20100318230000.0000000,00000000
5EF3FD3648631EE5AFCD84C664BAE113,5EF3FD3648631EE5AFCD84C647A52113,2.000,EA,20100319230000.0000000,00000000
5EF3FD3648631EE5AFCD84C664BB0113,5EF3FD3648631EE5AFCD84C647A54113,1.000,EA,20100319230000.0000000,00000000
5EF3FD3648631EE5AFCD84C664BB2113,5EF3FD3648631EE5AFCD84C647A56113,2.000,EA,20100319230000.0000000,00000000
5EF3FD3648631EE5AFCD84C664BB4113,5EF3FD3648631EE5AFCD84C647A58113,3.000,EA,20100320230000.0000000,00000000
5EF3FD3648631EE5AFCD84C664BB6113,5EF3FD3648631EE5AFCD84C647A5A113,3.000,EA,20100320230000.0000000,00000000
5EF3FD3648631EE5AFCD84C664BB8113,5EF3FD3648631EE5AFCD84C647A5C113,3.000,EA,20100321230000.0000000,00000000
5EF3FD3648631EE5AFCD84C664BBA113,5EF3FD3648631EE5AFCD84C647A5E113,3.000,EA,20100321230000.0000000,00000000
5EF3FD3648631EE5AFCD84C664BBC113,5EF3FD3648631EE5AFCD84C647A60113,1.000,EA,20100321230000.0000000,00000000
5EF3FD3648631EE5AFCD84C664BBE113,5EF3FD3648631EE5AFCD84C647A62113,2.000,EA,20100321230000.0000000,00000000
5EF3FD3648631EE5AFCD84C664BC0113,5EF3FD3648631EE5AFCD84C647A64113,3.000,EA,20100322230000.0000000,00000000
5EF3FD3648631EE5AFCD84C664BC2113,5EF3FD3648631EE5AFCD84C647A66113,3.000,EA,20100322230000.0000000,00000000
5EF3FD3648631EE5AFCD84C664BC4113,5EF3FD3648631EE5AFCD84C647A68113,3.000,EA,20100322230000.0000000,00000000
5EF3FD3648631EE5AFCD84C664BC6113,5EF3FD3648631EE5AFCD84C647A6A113,3.000,EA,20100322230000.0000000,00000000
5EF3FD3648631EE5AFCD84C664BC8113,5EF3FD3648631EE5AFCD84C647A6C113,2.000,EA,20100322230000.0000000,00000000
5EF3FD3648631EE5AFCD84C664BCA113,5EF3FD3648631EE5AFCD84C647A6E113,1.000,EA,20100322230000.0000000,00000000
5EF3FD3648631EE5AFCD84C664BCC113,5EF3FD3648631EE5AFCD84C647A70113,2.000,EA,20100322230000.0000000,00000000
5EF3FD3648631EE5AFCD84C664BCE113,5EF3FD3648631EE5AFCD84C647A72113,1.000,EA,20100323230000.0000000,00000000
5EF3FD3648631EE5AFCD84C664BD0113,5EF3FD3648631EE5AFCD84C647A74113,2.000,EA,20100323230000.0000000,00000000
5EF3FD3648631EE5AFCD84C664BD2113,5EF3FD3648631EE5AFCD84C647A76113,2.000,EA,20100323230000.0000000,00000000
5EF3FD3648631EE5AFCD84C664BD4113,5EF3FD3648631EE5AFCD84C647A78113,2.000,EA,20100323230000.0000000,00000000
5EF3FD3648631EE5AFCD84C664BD6113,5EF3FD3648631EE5AFCD84C647A7A113,3.000,EA,20100323230000.0000000,00000000
5EF3FD3648631EE5AFCD84C664BD8113,5EF3FD3648631EE5AFCD84C647A7C113,2.000,EA,20100323230000.0000000,00000000
5EF3FD3648631EE5AFCD84C664BDA113,5EF3FD3648631EE5AFCD84C647A7E113,2.000,EA,20100323230000.0000000,00000000
5EF3FD3648631EE5AFCD84C664BDC113,5EF3FD3648631EE5AFCD84C647A80113,2.000,EA,20100323230000.0000000,00000000
5EF3FD3648631EE5AFCD84C664BDE113,5EF3FD3648631EE5AFCD84C647A82113,3.000,EA,20100323230000.0000000,00000000
5EF3FD3648631EE5AFCD84C664BE0113,5EF3FD3648631EE5AFCD84C647A84113,3.000,EA,20100323230000.0000000,00000000
5EF3FD3648631EE5AFCD84C664BE2113,5EF3FD3648631EE5AFCD84C647A86113,2.000,EA,20100324230000.0000000,00000000
5EF3FD3648631EE5AFCD84C664BE4113,5EF3FD3648631EE5AFCD84C647A88113,1.000,EA,20100324230000.0000000,00000000
5EF3FD3648631EE5AFCD84C664BE6113,5EF3FD3648631EE5AFCD84C647A8A113,2.000,EA,20100324230000.0000000,00000000
5EF3FD3648631EE5AFCD84C664BE8113,5EF3FD3648631EE5AFCD84C647A8C113,2.000,EA,20100324230000.0000000,00000000
5EF3FD3648631EE5AFCD84C664BEA113,5EF3FD3648631EE5AFCD84C647A8E113,2.000,EA,20100324230000.0000000,00000000
5EF3FD3648631EE5AFCD84C664BEC113,5EF3FD3648631EE5AFCD84C647A90113,2.000,EA,20100324230000.0000000,00000000
5EF3FD3648631EE5AFCD84C664BEE113,5EF3FD3648631EE5AFCD84C647A92113,3.000,EA,20100324230000.0000000,00000000
5EF3FD3648631EE5AFCD84C664BF0113,5EF3FD3648631EE5AFCD84C647A94113,3.000,EA,20100324230000.0000000,00000000
5EF3FD3648631EE5AFCD84C664BF2113,5EF3FD3648631EE5AFCD84C647A96113,2.000,EA,20100324230000.0000000,00000000
5EF3FD3648631EE5AFCD84C664BF4113,5EF3FD3648631EE5AFCD84C647A98113,3.000,EA,20100324230000.0000000,00000000
5EF3FD3648631EE5AFCD84C664BF6113,5EF3FD3648631EE5AFCD84C647A9A113,3.000,EA,20100325230000.0000000,00000000
5EF3FD3648631EE5AFCD84C664BF8113,5EF3FD3648631EE5AFCD84C647A9C113,1.000,EA,20100325230000.0000000,00000000
5EF3FD3648631EE5AFCD84C664BFA113,5EF3FD3648631EE5AFCD84C647A9E113,2.000,EA,20100325230000.0000000,00000000
5EF3FD3648631EE5AFCD84C664BFC113,5EF3FD3648631EE5AFCD84C647AA0113,2.000,EA,20100325230000.0000000,00000000
5EF3FD3648631EE5AFCD84C664BFE113,5EF3FD3648631EE5AFCD84C647AA2113,1.000,EA,20100325230000.0000000,00000000
5EF3FD3648631EE5AFCD84C664C00113,5EF3FD3648631EE5AFCD84C647AA4113,2.000,EA,20100325230000.0000000,00000000
5EF3FD3648631EE5AFCD84C664C02113,5EF3FD3648631EE5AFCD84C647AA6113,1.000,EA,20100325230000.0000000,00000000
5EF3FD3648631EE5AFCD84C664C04113,5EF3FD3648631EE5AFCD84C647AA8113,2.000,EA,20100325230000.0000000,00000000
5EF3FD3648631EE5AFCD84C664C06113,5EF3FD3648631EE5AFCD84C647AAA113,3.000,EA,20100326230000.0000000,00000000
5EF3FD3648631EE5AFCD84C664C08113,5EF3FD3648631EE5AFCD84C647AAC113,3.000,EA,20100326230000.0000000,00000000
5EF3FD3648631EE5AFCD84C664C0A113,5EF3FD3648631EE5AFCD84C647AAE113,3.000,EA,20100326230000.0000000,00000000
5EF3FD3648631EE5AFCD84C664C0C113,5EF3FD3648631EE5AFCD84C647AB0113,1.000,EA,20100326230000.0000000,00000000
5EF3FD3648631EE5AFCD84C664C0E113,5EF3FD3648631EE5AFCD84C647AB2113,1.000,EA,20100326230000.0000000,00000000
5EF3FD3648631EE5AFCD84C664C10113,5EF3FD3648631EE5AFCD84C647AB4113,2.000,EA,20100327230000.0000000,00000000
5EF3FD3648631EE5AFCD84C664C12113,5EF3FD3648631EE5AFCD84C647AB6113,1.000,EA,20100327230000.0000000,00000000
5EF3FD3648631EE5AFCD84C664C14113,5EF3FD3648631EE5AFCD84C647AB8113,2.000,EA,20100327230000.0000000,00000000
5EF3FD3648631EE5AFCD84C664C16113,5EF3FD3648631EE5AFCD84C647ABA113,1.000,EA,20100327230000.0000000,00000000
5EF3FD3648631EE5AFCD84C664C18113,5EF3FD3648631EE5AFCD84C647ABC113,3.000,EA,20100327230000.0000000,00000000
5EF3FD3648631EE5AFCD84C664C1A113,5EF3FD3648631EE5AFCD84C647ABE113,1.000,EA,20100328220000.0000000,00000000
5EF3FD3648631EE5AFCD84C664C1C113,5EF3FD3648631EE5AFCD84C647AC0113,2.000,EA,20100328220000.0000000,00000000
5EF3FD3648631EE5AFCD84C664C1E113,5EF3FD3648631EE5AFCD84C647AC2113,2.000,EA,20100328220000.0000000,00000000
5EF3FD3648631EE5AFCD84C664C20113,5EF3FD3648631EE5AFCD84C647AC4113,3.000,EA,20100328220000.0000000,00000000
5EF3FD3648631EE5AFCD84C664C22113,5EF3FD3648631EE5AFCD84C647AC6113,2.000,EA,20100328220000.0000000,00000000
5EF3FD3648631EE5AFCD84C664C24113,5EF3FD3648631EE5AFCD84C647AC8113,2.000,EA,20100328220000.0000000,00000000
5EF3FD3648631EE5AFCD84C664C26113,5EF3FD3648631EE5AFCD84C647ACA113,3.000,EA,20100328220000.0000000,00000000
5EF3FD3648631EE5AFCD84C664C28113,5EF3FD3648631EE5AFCD84C647ACC113,3.000,EA,20100329220000.0000000,00000000
5EF3FD3648631EE5AFCD84C664C2A113,5EF3FD3648631EE5AFCD84C647ACE113,1.000,EA,20100329220000.0000000,00000000
5EF3FD3648631EE5AFCD84C664C2C113,5EF3FD3648631EE5AFCD84C647AD0113,3.000,EA,20100329220000.0000000,00000000
5EF3FD3648631EE5AFCD84C664C2E113,5EF3FD3648631EE5AFCD84C647AD2113,2.000,EA,20100330220000.0000000,00000000
5EF3FD3648631EE5AFCD84C664C30113,5EF3FD3648631EE5AFCD84C647AD4113,3.000,EA,20100330220000.0000000,00000000
5EF3FD3648631EE5AFCD84C664C32113,5EF3FD3648631EE5AFCD84C647AD6113,1.000,EA,20100330220000.0000000,00000000
5EF3FD3648631EE5AFCD84C664C34113,5EF3FD3648631EE5AFCD84C647AD8113,2.000,EA,20100330220000.0000000,00000000
5EF3FD3648631EE5AFCD84C664C36113,5EF3FD3648631EE5AFCD84C647ADA113,2.000,EA,20100330220000.0000000,00000000
5EF3FD3648631EE5AFCD84C664C38113,5EF3FD3648631EE5AFCD84C647ADC113,1.000,EA,20100330220000.0000000,00000000
5EF3FD3648631EE5AFCD84C664C3A113,5EF3FD3648631EE5AFCD84C647ADE113,3.000,EA,20100330220000.0000000,00000000
5EF3FD3648631EE5AFCD84C664C3C113,5EF3FD3648631EE5AFCD84C647AE0113,1.000,EA,20100330220000.0000000,00000000
5EF3FD3648631EE5AFCD84C664C3E113,5EF3FD3648631EE5AFCD84C647AE2113,2.000,EA,20100331220000.0000000,00000000
5EF3FD3648631EE5AFCD84C664C40113,5EF3FD3648631EE5AFCD84C647AE4113,2.000,EA,20100331220000.0000000,00000000
5EF3FD3648631EE5AFCD84C664C42113,5EF3FD3648631EE5AFCD84C647AE6113,2.000,EA,20100331220000.0000000,00000000
5EF3FD3648631EE5AFCD84C664C44113,5EF3FD3648631EE5AFCD84C647AE8113,3.000,EA,20100331220000.0000000,00000000
5EF3FD3648631EE5AFCD84C664C46113,5EF3FD3648631EE5AFCD84C647AEA113,1.000,EA,20100331220000.0000000,00000000
5EF3FD3648631EE5AFCD84C664C48113,5EF3FD3648631EE5AFCD84C647AEC113,2.000,EA,20100331220000.0000000,00000000
5EF3FD3648631EE5AFCD84C664C4A113,5EF3FD3648631EE5AFCD84C647AEE113,2.000,EA,20100401220000.0000000,00000000
5EF3FD3648631EE5AFCD84C664C4C113,5EF3FD3648631EE5AFCD84C647AF0113,2.000,EA,20100401220000.0000000,00000000
5EF3FD3648631EE5AFCD84C664C4E113,5EF3FD3648631EE5AFCD84C647AF2113,2.000,EA,20100401220000.0000000,00000000
5EF3FD3648631EE5AFCD84C664C50113,5EF3FD3648631EE5AFCD84C647AF4113,2.000,EA,20100402220000.0000000,00000000
5EF3FD3648631EE5AFCD84C664C52113,5EF3FD3648631EE5AFCD84C647AF6113,2.000,EA,20100402220000.0000000,00000000
5EF3FD3648631EE5AFCD84C664C54113,5EF3FD3648631EE5AFCD84C647AF8113,3.000,EA,20100402220000.0000000,00000000
5EF3FD3648631EE5AFCD84C664C56113,5EF3FD3648631EE5AFCD84C647AFA113,2.000,EA,20100402220000.0000000,00000000
5EF3FD3648631EE5AFCD84C664C58113,5EF3FD3648631EE5AFCD84C647AFC113,2.000,EA,20100402220000.0000000,00000000
5EF3FD3648631EE5AFCD84C664C5A113,5EF3FD3648631EE5AFCD84C647AFE113,1.000,EA,20100402220000.0000000,00000000
5EF3FD3648631EE5AFCD84C664C5C113,5EF3FD3648631EE5AFCD84C647B00113,3.000,EA,20100402220000.0000000,00000000
5EF3FD3648631EE5AFCD84C664C5E113,5EF3FD3648631EE5AFCD84C647B02113,1.000,EA,20100403220000.0000000,00000000
5EF3FD3648631EE5AFCD84C664C60113,5EF3FD3648631EE5AFCD84C647B04113,3.000,EA,20100403220000.0000000,00000000
5EF3FD3648631EE5AFCD84C664C62113,5EF3FD3648631EE5AFCD84C647B06113,3.000,EA,20100403220000.0000000,00000000
5EF3FD3648631EE5AFCD84C664C64113,5EF3FD3648631EE5AFCD84C647B08113,1.000,EA,20100403220000.0000000,00000000
5EF3FD3648631EE5AFCD84C664C66113,5EF3FD3648631EE5AFCD84C647B0A113,2.000,EA,20100404220000.0000000,00000000
5EF3FD3648631EE5AFCD84C664C68113,5EF3FD3648631EE5AFCD84C647B0C113,2.000,EA,20100404220000.0000000,00000000
5EF3FD3648631EE5AFCD84C664C6A113,5EF3FD3648631EE5AFCD84C647B0E113,2.000,EA,20100404220000.0000000,00000000
5EF3FD3648631EE5AFCD84C664C6C113,5EF3FD3648631EE5AFCD84C647B10113,3.000,EA,20100404220000.0000000,00000000
5EF3FD3648631EE5AFCD84C664C6E113,5EF3FD3648631EE5AFCD84C647B12113,2.000,EA,20100404220000.0000000,00000000
5EF3FD3648631EE5AFCD84C664C70113,5EF3FD3648631EE5AFCD84C647B14113,2.000,EA,20100404220000.0000000,00000000
5EF3FD3648631EE5AFCD84C664C72113,5EF3FD3648631EE5AFCD84C647B16113,1.000,EA,20100404220000.0000000,00000000
5EF3FD3648631EE5AFCD84C664C74113,5EF3FD3648631EE5AFCD84C647B18113,2.000,EA,20100404220000.0000000,00000000
5EF3FD3648631EE5AFCD84C664C76113,5EF3FD3648631EE5AFCD84C647B1A113,3.000,EA,20100404220000.0000000,00000000
5EF3FD3648631EE5AFCD84C664C78113,5EF3FD3648631EE5AFCD84C647B1C113,1.000,EA,20100405220000.0000000,00000000
5EF3FD3648631EE5AFCD84C664C7A113,5EF3FD3648631EE5AFCD84C647B1E113,3.000,EA,20100405220000.0000000,00000000
5EF3FD3648631EE5AFCD84C664C7C113,5EF3FD3648631EE5AFCD84C647B20113,2.000,EA,20100405220000.0000000,00000000
5EF3FD3648631EE5AFCD84C664C7E113,5EF3FD3648631EE5AFCD84C647B22113,2.000,EA,20100405220000.0000000,00000000
5EF3FD3648631EE5AFCD84C664C80113,5EF3FD3648631EE5AFCD84C647B24113,3.000,EA,20100405220000.0000000,00000000
5EF3FD3648631EE5AFCD84C664C82113,5EF3FD3648631EE5AFCD84C647B26113,2.000,EA,20100405220000.0000000,00000000
5EF3FD3648631EE5AFCD84C664C84113,5EF3FD3648631EE5AFCD84C647B28113,2.000,EA,20100405220000.0000000,00000000
5EF3FD3648631EE5AFCD84C664C86113,5EF3FD3648631EE5AFCD84C647B2A113,1.000,EA,20100406220000.0000000,00000000
5EF3FD3648631EE5AFCD84C664C88113,5EF3FD3648631EE5AFCD84C647B2C113,2.000,EA,20100406220000.0000000,00000000
5EF3FD3648631EE5AFCD84C664C8A113,5EF3FD3648631EE5AFCD84C647B2E113,1.000,EA,20100406220000.0000000,00000000
5EF3FD3648631EE5AFCD84C664C8C113,5EF3FD3648631EE5AFCD84C647B30113,1.000,EA,20100406220000.0000000,00000000
5EF3FD3648631EE5AFCD84C664C8E113,5EF3FD3648631EE5AFCD84C647B32113,1.000,EA,20100406220000.0000000,00000000
5EF3FD3648631EE5AFCD84C664C90113,5EF3FD3648631EE5AFCD84C647B34113,3.000,EA,20100406220000.0000000,00000000
5EF3FD3648631EE5AFCD84C664C92113,5EF3FD3648631EE5AFCD84C647B36113,3.000,EA,20100407220000.0000000,00000000
5EF3FD3648631EE5AFCD84C664C94113,5EF3FD3648631EE5AFCD84C647B38113,2.000,EA,20100407220000.0000000,00000000
5EF3FD3648631EE5AFCD84C664C96113,5EF3FD3648631EE5AFCD84C647B3A113,1.000,EA,20100407220000.0000000,00000000
5EF3FD3648631EE5AFCD84C664C98113,5EF3FD3648631EE5AFCD84C647B3C113,3.000,EA,20100407220000.0000000,00000000
5EF3FD3648631EE5AFCD84C664C9A113,5EF3FD3648631EE5AFCD84C647B3E113,2.000,EA,20100407220000.0000000,00000000
5EF3FD3648631EE5AFCD84C664C9C113,5EF3FD3648631EE5AFCD84C647B40113,1.000,EA,20100407220000.0000000,00000000
5EF3FD3648631EE5AFCD84C664C9E113,5EF3FD3648631EE5AFCD84C647B42113,2.000,EA,20100407220000.0000000,00000000
5EF3FD3648631EE5AFCD84C664CA0113,5EF3FD3648631EE5AFCD84C647B44113,3.000,EA,20100407220000.0000000,00000000
5EF3FD3648631EE5AFCD84C664CA2113,5EF3FD3648631EE5AFCD84C647B46113,2.000,EA,20100407220000.0000000,00000000
5EF3FD3648631EE5AFCD84C664CA4113,5EF3FD3648631EE5AFCD84C647B48113,2.000,EA,20100408220000.0000000,00000000
5EF3FD3648631EE5AFCD84C664CA6113,5EF3FD3648631EE5AFCD84C647B4A113,1.000,EA,20100408220000.0000000,00000000
5EF3FD3648631EE5AFCD84C664CA8113,5EF3FD3648631EE5AFCD84C647B4C113,2.000,EA,20100408220000.0000000,00000000
5EF3FD3648631EE5AFCD84C664CAA113,5EF3FD3648631EE5AFCD84C647B4E113,1.000,EA,20100409220000.0000000,00000000
5EF3FD3648631EE5AFCD84C664CAC113,5EF3FD3648631EE5AFCD84C647B50113,2.000,EA,20100409220000.0000000,00000000
5EF3FD3648631EE5AFCD84C664CAE113,5EF3FD3648631EE5AFCD84C647B52113,3.000,EA,20100410220000.0000000,00000000
5EF3FD3648631EE5AFCD84C664CB0113,5EF3FD3648631EE5AFCD84C647B54113,3.000,EA,20100410220000.0000000,00000000
5EF3FD3648631EE5AFCD84C664CB2113,5EF3FD3648631EE5AFCD84C647B56113,1.000,EA,20100410220000.0000000,00000000
5EF3FD3648631EE5AFCD84C664CB4113,5EF3FD3648631EE5AFCD84C647B58113,2.000,EA,20100410220000.0000000,00000000
5EF3FD3648631EE5AFCD84C664CB6113,5EF3FD3648631EE5AFCD84C647B5A113,3.000,EA,20100411220000.0000000,00000000
5EF3FD3648631EE5AFCD84C664CB8113,5EF3FD3648631EE5AFCD84C647B5C113,1.000,EA,20100411220000.0000000,00000000
5EF3FD3648631EE5AFCD84C664CBA113,5EF3FD3648631EE5AFCD84C647B5E113,3.000,EA,20100411220000.0000000,00000000
5EF3FD3648631EE5AFCD84C664CBC113,5EF3FD3648631EE5AFCD84C647B60113,3.000,EA,20100411220000.0000000,00000000
5EF3FD3648631EE5AFCD84C664CBE113,5EF3FD3648631EE5AFCD84C647B62113,1.000,EA,20100411220000.0000000,00000000
5EF3FD3648631EE5AFCD84C664CC0113,5EF3FD3648631EE5AFCD84C647B64113,2.000,EA,20100412220000.0000000,00000000
5EF3FD3648631EE5AFCD84C664CC2113,5EF3FD3648631EE5AFCD84C647B66113,2.000,EA,20100412220000.0000000,00000000
5EF3FD3648631EE5AFCD84C664CC4113,5EF3FD3648631EE5AFCD84C647B68113,2.000,EA,20100412220000.0000000,00000000
5EF3FD3648631EE5AFCD84C664CC6113,5EF3FD3648631EE5AFCD84C647B6A113,2.000,EA,20100412220000.0000000,00000000
5EF3FD3648631EE5AFCD84C664CC8113,5EF3FD3648631EE5AFCD84C647B6C113,1.000,EA,20100412220000.0000000,00000000
5EF3FD3648631EE5AFCD84C664CCA113,5EF3FD3648631EE5AFCD84C647B6E113,1.000,EA,20100412220000.0000000,00000000
5EF3FD3648631EE5AFCD84C664CCC113,5EF3FD3648631EE5AFCD84C647B70113,2.000,EA,20100412220000.0000000,00000000
5EF3FD3648631EE5AFCD84C664CCE113,5EF3FD3648631EE5AFCD84C647B72113,3.000,EA,20100412220000.0000000,00000000
5EF3FD3648631EE5AFCD84C664CD0113,5EF3FD3648631EE5AFCD84C647B74113,2.000,EA,20100412220000.0000000,00000000
5EF3FD3648631EE5AFCD84C664CD2113,5EF3FD3648631EE5AFCD84C647B76113,2.000,EA,20100413220000.0000000,00000000
5EF3FD3648631EE5AFCD84C664CD4113,5EF3FD3648631EE5AFCD84C647B78113,1.000,EA,20100413220000.0000000,00000000
5EF3FD3648631EE5AFCD84C664CD6113,5EF3FD3648631EE5AFCD84C647B7A113,2.000,EA,20100413220000.0000000,00000000
5EF3FD3648631EE5AFCD84C664CD8113,5EF3FD3648631EE5AFCD84C647B7C113,3.000,EA,20100414220000.0000000,00000000
5EF3FD3648631EE5AFCD84C664CDA113,5EF3FD3648631EE5AFCD84C647B7E113,3.000,EA,20100414220000.0000000,00000000
5EF3FD3648631EE5AFCD84C664CDC113,5EF3FD3648631EE5AFCD84C647B80113,3.000,EA,20100415220000.0000000,00000000
5EF3FD3648631EE5AFCD84C664CDE113,5EF3FD3648631EE5AFCD84C647B82113,3.000,EA,20100415220000.0000000,00000000
5EF3FD3648631EE5AFCD84C664CE0113,5EF3FD3648631EE5AFCD84C647B84113,1.000,EA,20100415220000.0000000,00000000
5EF3FD3648631EE5AFCD84C664CE2113,5EF3FD3648631EE5AFCD84C647B86113,2.000,EA,20100415220000.0000000,00000000
5EF3FD3648631EE5AFCD84C664CE4113,5EF3FD3648631EE5AFCD84C647B88113,3.000,EA,20100416220000.0000000,00000000
5EF3FD3648631EE5AFCD84C664CE6113,5EF3FD3648631EE5AFCD84C647B8A113,3.000,EA,20100416220000.0000000,00000000
5EF3FD3648631EE5AFCD84C664CE8113,5EF3FD3648631EE5AFCD84C647B8C113,3.000,EA,20100416220000.0000000,00000000
5EF3FD3648631EE5AFCD84C664CEA113,5EF3FD3648631EE5AFCD84C647B8E113,3.000,EA,20100416220000.0000000,00000000
5EF3FD3648631EE5AFCD84C664CEC113,5EF3FD3648631EE5AFCD84C647B90113,1.000,EA,20100416220000.0000000,00000000
5EF3FD3648631EE5AFCD84C664CEE113,5EF3FD3648631EE5AFCD84C647B92113,2.000,EA,20100416220000.0000000,00000000
5EF3FD3648631EE5AFCD84C664CF0113,5EF3FD3648631EE5AFCD84C647B94113,1.000,EA,20100416220000.0000000,00000000
5EF3FD3648631EE5AFCD84C664CF2113,5EF3FD3648631EE5AFCD84C647B96113,2.000,EA,20100416220000.0000000,00000000
